episode_index,length_frames,length_seconds
0,2733,91.1
1,2664,88.8
2,2715,90.5
3,2715,90.5
4,2654,88.467
5,2798,93.267
6,2913,97.1
7,3086,102.867
8,2891,96.367
9,3266,108.867
10,3096,103.2
11,2849,94.967
12,2988,99.6
13,2873,95.767
14,3443,114.767
15,3497,116.567
16,3546,118.2
17,3448,114.933
18,3567,118.9
19,3543,118.1
20,3299,109.967
25,3555,118.5
32,1634,54.467
33,1441,48.033
34,1620,54.0
35,1619,53.967
36,2648,88.267
37,2994,99.8
38,2587,86.233
39,2999,99.967
40,1693,56.433
41,1661,55.367
42,3150,105.0
43,1920,64.0
44,2998,99.933
45,1899,63.3
46,1893,63.1
47,2973,99.1
48,2152,71.733
49,3591,119.7
50,2877,95.9
51,2260,75.333
53,3299,109.967
54,3106,103.533
55,2393,79.767
56,2923,97.433
60,3268,108.933
61,1495,49.833
64,1777,59.233
66,1801,60.033
67,1862,62.067
68,1896,63.2
69,1927,64.233
70,1948,64.933
71,1663,55.433
72,1900,63.333
73,1819,60.633
74,1833,61.1
75,1665,55.5
76,2347,78.233
77,1876,62.533
78,1876,62.533
79,2391,79.7
80,2408,80.267
81,2060,68.667
82,2748,91.6
83,2475,82.5
84,2014,67.133
85,1956,65.2
86,2091,69.7
87,2901,96.7
88,2232,74.4
89,2936,97.867
90,2226,74.2
91,2560,85.333
92,2906,96.867
93,1805,60.167
94,2039,67.967
95,2341,78.033
96,1902,63.4
97,1773,59.1
98,2428,80.933
99,1874,62.467
100,2725,90.833
101,2231,74.367
102,1713,57.1
103,2558,85.267
104,2234,74.467
105,2049,68.3
106,1932,64.4
107,1847,61.567
108,1660,55.333
109,1764,58.8
110,1888,62.933
111,1636,54.533
112,1930,64.333
113,1717,57.233
114,2164,72.133
115,1564,52.133
116,1600,53.333
117,1671,55.7
118,1391,46.367
119,1830,61.0
120,2294,76.467
121,1468,48.933
122,1885,62.833
123,2973,99.1
124,1776,59.2
125,2380,79.333
126,1394,46.467
127,1398,46.6
128,1604,53.467
129,1576,52.533
130,1665,55.5
131,1719,57.3
132,1352,45.067
133,1982,66.067
134,2040,68.0
135,1402,46.733
136,1485,49.5
137,1396,46.533
138,1440,48.0
139,2128,70.933
140,1501,50.033
141,1650,55.0
142,1858,61.933
143,1413,47.1
144,2314,77.133
145,1727,57.567
146,1873,62.433
147,1853,61.767
148,2394,79.8
149,1760,58.667
150,1455,48.5
151,1828,60.933
152,1401,46.7
153,1369,45.633
154,1897,63.233
155,1506,50.2
156,1752,58.4
157,1596,53.2
158,1716,57.2
159,1737,57.9
160,1688,56.267
161,1697,56.567
162,1899,63.3
163,2003,66.767
164,2133,71.1
165,1887,62.9
166,1523,50.767
167,1869,62.3
168,2046,68.2
169,1607,53.567
170,1932,64.4
171,2342,78.067
172,2086,69.533
173,2302,76.733
174,1696,56.533
175,1475,49.167
176,2061,68.7
177,1642,54.733
178,1728,57.6
179,2011,67.033
180,1876,62.533
181,2193,73.1
182,2116,70.533
183,3250,108.333
184,1794,59.8
185,1845,61.5
186,1615,53.833
187,1857,61.9
188,1557,51.9
189,1418,47.267
191,3342,111.4
192,2080,69.333
193,1653,55.1
194,2816,93.867
195,1905,63.5
197,1885,62.833
198,1990,66.333
199,2406,80.2
200,1847,61.567
201,2205,73.5
202,1512,50.4
203,3545,118.167
204,1578,52.6
205,2765,92.167
206,1617,53.9
207,2127,70.9
208,1927,64.233
209,1753,58.433
210,1882,62.733
211,3470,115.667
212,1528,50.933
213,2063,68.767
214,3359,111.967
215,3049,101.633
216,3189,106.3
217,1753,58.433
218,3235,107.833
219,1743,58.1
220,1710,57.0
221,2834,94.467
222,1378,45.933
223,1379,45.967
224,2181,72.7
225,1798,59.933
226,1502,50.067
227,2553,85.1
228,2401,80.033
229,1801,60.033
230,1713,57.1
231,2278,75.933
232,1358,45.267
233,3538,117.933
234,1843,61.433
235,3043,101.433
236,1783,59.433
237,1861,62.033
238,1618,53.933
239,1623,54.1
240,1650,55.0
241,1368,45.6
242,1970,65.667
243,1811,60.367
244,3058,101.933
245,2843,94.767
246,3203,106.767
247,2611,87.033
248,3089,102.967
249,1888,62.933
250,1709,56.967
251,1450,48.333
252,3184,106.133
253,1717,57.233
254,1967,65.567
255,2016,67.2
256,1589,52.967
257,1430,47.667
258,2092,69.733
259,1776,59.2
260,2186,72.867
261,1856,61.867
262,2148,71.6
263,1408,46.933
264,1436,47.867
265,1765,58.833
266,1594,53.133
267,3471,115.7
268,1903,63.433
269,1611,53.7
270,1851,61.7
271,3539,117.967
272,2402,80.067
273,1676,55.867
274,1578,52.6
275,1591,53.033
276,2950,98.333
277,3010,100.333
278,2069,68.967
280,2075,69.167
281,1765,58.833
282,2246,74.867
283,2123,70.767
284,2386,79.533
285,3292,109.733
286,1597,53.233
288,2135,71.167
289,1876,62.533
290,1818,60.6
291,1603,53.433
292,3192,106.4
293,3230,107.667
294,2276,75.867
295,1655,55.167
296,3393,113.1
297,1748,58.267
298,2102,70.067
299,1403,46.767
300,3206,106.867
301,1783,59.433
302,2456,81.867
303,2692,89.733
304,1970,65.667
305,2054,68.467
306,2089,69.633
307,1556,51.867
308,1432,47.733
309,1694,56.467
310,1439,47.967
311,3517,117.233
312,1646,54.867
313,1906,63.533
314,3184,106.133
315,2400,80.0
316,1660,55.333
317,3514,117.133
318,1635,54.5
319,1678,55.933
320,2010,67.0
321,1949,64.967
322,1908,63.6
323,1735,57.833
324,1427,47.567
325,2615,87.167
326,1840,61.333
327,1616,53.867
328,1727,57.567
329,3145,104.833
330,2843,94.767
331,1474,49.133
332,1797,59.9
333,2264,75.467
334,1475,49.167
335,2250,75.0
336,1351,45.033
337,1525,50.833
338,1588,52.933
339,1359,45.3
340,2878,95.933
341,1671,55.7
342,1425,47.5
343,1611,53.7
344,3423,114.1
345,2893,96.433
346,1558,51.933
347,3078,102.6
348,1621,54.033
349,2318,77.267
350,1450,48.333
351,2668,88.933
352,2223,74.1
353,1689,56.3
354,2228,74.267
355,1442,48.067
356,1622,54.067
357,3334,111.133
358,1849,61.633
359,1539,51.3
360,2549,84.967
361,1815,60.5
362,1549,51.633
363,3092,103.067
364,1453,48.433
365,1468,48.933
366,2833,94.433
367,1863,62.1
368,2098,69.933
369,1515,50.5
370,2159,71.967
371,2220,74.0
372,2586,86.2
373,1674,55.8
374,1478,49.267
375,2834,94.467
376,1561,52.033
377,1470,49.0
378,1586,52.867
379,1779,59.3
380,1811,60.367
381,3558,118.6
382,1791,59.7
383,1788,59.6
384,1667,55.567
385,1745,58.167
386,1604,53.467
387,1824,60.8
388,2028,67.6
389,3169,105.633
390,1646,54.867
391,1579,52.633
392,2229,74.3
393,3532,117.733
394,3138,104.6
395,1800,60.0
396,1976,65.867
397,1775,59.167
398,1577,52.567
399,1717,57.233
400,1793,59.767
401,1926,64.2
402,1622,54.067
403,1435,47.833
404,2924,97.467
405,2106,70.2
406,1850,61.667
407,1957,65.233
408,1513,50.433
409,1872,62.4
410,1546,51.533
411,1730,57.667
412,1518,50.6
413,3447,114.9
414,1904,63.467
415,2140,71.333
416,3278,109.267
417,1722,57.4
418,1656,55.2
419,2380,79.333
420,1606,53.533
421,1995,66.5
422,2291,76.367
423,3145,104.833
424,2784,92.8
425,1604,53.467
426,1942,64.733
427,2223,74.1
428,1894,63.133
429,1588,52.933
430,2250,75.0
431,1968,65.6
432,1986,66.2
433,3524,117.467
434,2353,78.433
435,1994,66.467
436,1462,48.733
437,2026,67.533
438,2135,71.167
439,1567,52.233
440,1660,55.333
441,1526,50.867
442,2401,80.033
443,2326,77.533
444,1983,66.1
445,1974,65.8
446,1718,57.267
447,1778,59.267
448,2089,69.633
449,1658,55.267
450,1459,48.633
451,1480,49.333
452,1753,58.433
453,2069,68.967
454,1579,52.633
455,1494,49.8
456,1523,50.767
457,1961,65.367
458,1704,56.8
459,1931,64.367
460,1749,58.3
461,1406,46.867
462,1605,53.5
463,1655,55.167
464,1831,61.033
465,1619,53.967
466,1476,49.2
467,1658,55.267
468,1720,57.333
469,1480,49.333
470,1750,58.333
471,1815,60.5
472,2075,69.167
473,1587,52.9
474,1715,57.167
475,2115,70.5
476,1773,59.1
477,1808,60.267
478,1494,49.8
479,1687,56.233
480,2171,72.367
481,1872,62.4
482,1636,54.533
483,2021,67.367
484,1938,64.6
485,1458,48.6
486,1996,66.533
487,1855,61.833
488,1524,50.8
489,2041,68.033
490,2132,71.067
491,1891,63.033
492,1671,55.7
493,1779,59.3
494,2367,78.9
495,1874,62.467
496,2171,72.367
497,1450,48.333
498,1427,47.567
499,1570,52.333
500,1353,45.1
501,2288,76.267
502,2017,67.233
503,1529,50.967
504,2222,74.067
505,1454,48.467
506,1503,50.1
507,1448,48.267
508,1396,46.533
509,1686,56.2
510,1489,49.633
511,1445,48.167
512,1607,53.567
513,1710,57.0
514,1673,55.767
515,1784,59.467
516,1480,49.333
517,1542,51.4
518,1876,62.533
519,1765,58.833
520,1537,51.233
521,1350,45.0
522,1486,49.533
523,1515,50.5
524,1705,56.833
525,1542,51.4
526,1740,58.0
527,1801,60.033
528,1757,58.567
529,1463,48.767
530,1853,61.767
531,1559,51.967
532,1864,62.133
533,2087,69.567
534,1693,56.433
535,1570,52.333
536,1353,45.1
537,1467,48.9
538,1620,54.0
539,1929,64.3
540,1444,48.133
541,1353,45.1
542,1602,53.4
543,1791,59.7
544,1501,50.033
545,1952,65.067
546,1612,53.733
547,1667,55.567
548,1592,53.067
549,1404,46.8
550,1628,54.267
551,1660,55.333
552,1733,57.767
553,1664,55.467
554,2224,74.133
555,1853,61.767
556,1887,62.9
557,1805,60.167
558,1951,65.033
559,1686,56.2
560,1802,60.067
561,1908,63.6
562,1736,57.867
563,1923,64.1
564,2008,66.933
565,1506,50.2
566,1685,56.167
567,1755,58.5
568,1848,61.6
569,1706,56.867
570,1753,58.433
571,1401,46.7
572,1666,55.533
573,1922,64.067
574,1864,62.133
575,1460,48.667
576,1618,53.933
577,1925,64.167
578,1850,61.667
579,1914,63.8
580,2297,76.567
581,1959,65.3
582,1982,66.067
583,2198,73.267
584,1758,58.6
585,1924,64.133
586,2148,71.6
587,1473,49.1
588,1462,48.733
589,2466,82.2
590,1975,65.833
591,1713,57.1
592,1973,65.767
593,1651,55.033
594,1999,66.633
595,2444,81.467
596,1433,47.767
597,1399,46.633
598,1608,53.6
599,1756,58.533
600,1769,58.967
601,1614,53.8
602,1461,48.7
603,1740,58.0
604,1914,63.8
605,1996,66.533
606,1498,49.933
607,1491,49.7
608,1823,60.767
609,1567,52.233
610,1914,63.8
611,1771,59.033
612,1447,48.233
613,1538,51.267
614,1705,56.833
615,1996,66.533
616,1448,48.267
617,1624,54.133
618,1495,49.833
619,1661,55.367
620,1727,57.567
621,1663,55.433
622,1581,52.7
623,1461,48.7
624,1422,47.4
625,1923,64.1
626,1687,56.233
627,1638,54.6
628,1702,56.733
629,1380,46.0
630,1555,51.833
631,1550,51.667
632,1876,62.533
633,1900,63.333
634,1682,56.067
635,1733,57.767
636,1495,49.833
637,1687,56.233
638,1480,49.333
639,1813,60.433
640,1459,48.633
641,1754,58.467
642,1784,59.467
643,1565,52.167
644,1960,65.333
645,2148,71.6
646,1370,45.667
647,1925,64.167
648,1467,48.9
649,1764,58.8
650,1514,50.467
651,1824,60.8
652,2129,70.967
653,2363,78.767
654,1881,62.7
655,1865,62.167
656,1713,57.1
657,1656,55.2
658,2341,78.033
659,1883,62.767
660,1603,53.433
661,1721,57.367
662,1578,52.6
663,1930,64.333
664,1851,61.7
665,1446,48.2
666,1776,59.2
667,1936,64.533
668,1919,63.967
669,1875,62.5
670,2232,74.4
671,1974,65.8
672,1653,55.1
673,1643,54.767
674,1556,51.867
675,2400,80.0
676,1823,60.767
677,1382,46.067
678,2066,68.867
679,1990,66.333
680,1930,64.333
681,1779,59.3
682,1851,61.7
683,1556,51.867
684,1676,55.867
685,1880,62.667
686,1456,48.533
687,1986,66.2
688,1656,55.2
689,1583,52.767
690,1553,51.767
691,1687,56.233
692,1514,50.467
693,1726,57.533
694,1358,45.267
695,1551,51.7
696,1532,51.067
697,1427,47.567
698,1566,52.2
699,1595,53.167
700,1559,51.967
701,1482,49.4
702,1771,59.033
703,1484,49.467
704,1894,63.133
705,1784,59.467
706,1744,58.133
707,1630,54.333
708,2385,79.5
709,1585,52.833
710,1350,45.0
711,1456,48.533
712,1429,47.633
713,1475,49.167
714,1433,47.767
715,1553,51.767
716,1410,47.0
717,1425,47.5
718,1501,50.033
719,1657,55.233
720,1371,45.7
721,2049,68.3
722,1416,47.2
723,1706,56.867
724,1428,47.6
725,1597,53.233
726,1503,50.1
727,1611,53.7
728,1483,49.433
729,1613,53.767
730,1434,47.8
731,1567,52.233
732,1493,49.767
733,1422,47.4
734,1643,54.767
735,1835,61.167
736,1395,46.5
737,1856,61.867
738,1564,52.133
739,1778,59.267
740,1450,48.333
741,1487,49.567
742,1822,60.733
743,1793,59.767
744,1769,58.967
745,1933,64.433
746,1634,54.467
747,1706,56.867
748,1937,64.567
749,1903,63.433
750,2078,69.267
751,1718,57.267
752,1397,46.567
753,1554,51.8
754,1986,66.2
755,1630,54.333
756,1535,51.167
757,1398,46.6
758,1661,55.367
759,2014,67.133
760,2084,69.467
761,1710,57.0
762,1617,53.9
763,1403,46.767
764,1494,49.8
765,1807,60.233
766,2001,66.7
767,1607,53.567
768,1718,57.267
769,1530,51.0
770,1540,51.333
771,1505,50.167
772,1752,58.4
773,1813,60.433
774,1350,45.0
775,1370,45.667
776,2744,91.467
777,1912,63.733
778,1566,52.2
779,1719,57.3
780,1768,58.933
781,1757,58.567
782,1926,64.2
783,1356,45.2
784,1571,52.367
785,1650,55.0
786,2199,73.3
787,1876,62.533
788,1439,47.967
789,1989,66.3
790,1768,58.933
791,1411,47.033
792,1481,49.367
793,1751,58.367
794,1718,57.267
795,1705,56.833
796,1927,64.233
797,1949,64.967
798,1831,61.033
799,2064,68.8
800,1426,47.533
801,2102,70.067
802,2087,69.567
803,1430,47.667
804,1924,64.133
805,1657,55.233
806,1846,61.533
807,1526,50.867
808,2059,68.633
809,1513,50.433
810,1566,52.2
811,1485,49.5
812,1556,51.867
813,1702,56.733
814,1714,57.133
815,1706,56.867
816,1531,51.033
817,1566,52.2
818,1674,55.8
819,1997,66.567
820,1662,55.4
821,1586,52.867
822,1720,57.333
823,1356,45.2
824,1359,45.3
825,1919,63.967
826,1490,49.667
827,1546,51.533
828,1445,48.167
829,1560,52.0
830,1665,55.5
831,1495,49.833
832,1458,48.6
833,1546,51.533
834,1558,51.933
835,1660,55.333
836,1573,52.433
837,1945,64.833
838,1682,56.067
839,1804,60.133
840,1452,48.4
841,1534,51.133
842,1586,52.867
843,1489,49.633
844,1658,55.267
845,1460,48.667
846,1887,62.9
847,1671,55.7
848,1636,54.533
849,1624,54.133
850,1377,45.9
851,1624,54.133
852,1594,53.133
853,1608,53.6
854,1672,55.733
855,1820,60.667
856,1560,52.0
857,1879,62.633
858,1892,63.067
859,1506,50.2
860,1722,57.4
861,1668,55.6
862,1677,55.9
863,1575,52.5
864,1928,64.267
865,1533,51.1
866,1774,59.133
867,1703,56.767
868,1806,60.2
869,1772,59.067
870,1608,53.6
871,1792,59.733
872,1945,64.833
873,1665,55.5
874,1612,53.733
875,1696,56.533
876,1671,55.7
877,1600,53.333
878,2018,67.267
879,1919,63.967
880,3072,102.4
881,1738,57.933
882,1589,52.967
883,1674,55.8
884,1863,62.1
885,2162,72.067
886,1946,64.867
887,1738,57.933
888,1584,52.8
889,1371,45.7
890,1575,52.5
891,1735,57.833
892,1852,61.733
893,1485,49.5
894,1870,62.333
895,1701,56.7
896,1447,48.233
897,1914,63.8
898,1856,61.867
899,1518,50.6
900,1426,47.533
901,1553,51.767
902,1511,50.367
903,2085,69.5
904,1674,55.8
905,1492,49.733
906,1652,55.067
907,1562,52.067
908,1647,54.9
909,1975,65.833
910,1650,55.0
911,1581,52.7
912,1540,51.333
913,2150,71.667
914,1516,50.533
915,1873,62.433
916,1614,53.8
917,1620,54.0
918,1788,59.6
919,1824,60.8
920,1943,64.767
921,1729,57.633
922,2003,66.767
923,2101,70.033
924,1818,60.6
925,1364,45.467
926,1704,56.8
927,2202,73.4
928,1954,65.133
929,1992,66.4
930,2541,84.7
931,1425,47.5
932,1639,54.633
933,1671,55.7
934,1784,59.467
935,1540,51.333
936,1455,48.5
937,1373,45.767
938,1610,53.667
939,1556,51.867
940,1655,55.167
941,1545,51.5
942,1593,53.1
943,1800,60.0
944,1643,54.767
945,1753,58.433
946,1556,51.867
947,1877,62.567
948,2131,71.033
949,1894,63.133
950,2054,68.467
951,2141,71.367
952,1868,62.267
953,1594,53.133
954,1417,47.233
955,1909,63.633
956,2205,73.5
957,1711,57.033
958,1640,54.667
959,1598,53.267
960,2143,71.433
961,1992,66.4
962,1960,65.333
963,2140,71.333
964,1780,59.333
965,2094,69.8
966,1880,62.667
967,1727,57.567
968,2136,71.2
969,1459,48.633
970,1495,49.833
971,1451,48.367
972,1652,55.067
973,2220,74.0
974,1852,61.733
975,1790,59.667
976,1818,60.6
977,1661,55.367
978,1837,61.233
979,2854,95.133
980,1739,57.967
981,1797,59.9
982,1804,60.133
983,1931,64.367
984,1636,54.533
985,1836,61.2
986,1849,61.633
987,1784,59.467
988,1605,53.5
989,1881,62.7
990,1888,62.933
991,1916,63.867
992,1652,55.067
993,1987,66.233
994,2105,70.167
995,1830,61.0
996,2298,76.6
997,1905,63.5
998,1694,56.467
999,1613,53.767
1000,1801,60.033
1001,2179,72.633
1002,2435,81.167
1003,1667,55.567
1004,1939,64.633
1005,1710,57.0
1006,1431,47.7
1007,2333,77.767
1008,1885,62.833
1009,2171,72.367
1010,1635,54.5
1011,1722,57.4
1012,1761,58.7
1013,1985,66.167
1014,1877,62.567
1015,1692,56.4
1016,1973,65.767
1017,1745,58.167
1018,1812,60.4
1019,1806,60.2
1020,2118,70.6
1021,2129,70.967
1022,2343,78.1
1023,1922,64.067
1024,1967,65.567
1025,1375,45.833
1026,1945,64.833
1027,1954,65.133
1028,1600,53.333
1029,1578,52.6
1030,2064,68.8
1031,2072,69.067
1032,1792,59.733
1033,1957,65.233
1034,1872,62.4
1035,1730,57.667
1036,1745,58.167
1037,2097,69.9
1038,1598,53.267
1039,1853,61.767
1040,1954,65.133
1041,1836,61.2
1042,2118,70.6
1043,1812,60.4
1044,1705,56.833
1045,1768,58.933
1046,1618,53.933
1047,2640,88.0
1048,1684,56.133
1049,1806,60.2
1050,1768,58.933
1051,2014,67.133
1052,1530,51.0
1053,2165,72.167
1054,2024,67.467
1055,1426,47.533
1056,2053,68.433
1057,1827,60.9
1058,1721,57.367
1059,2015,67.167
1060,1514,50.467
1061,1678,55.933
1062,2080,69.333
1063,1776,59.2
1064,2318,77.267
1065,1470,49.0
1066,1889,62.967
1067,1558,51.933
1068,1656,55.2
1069,1826,60.867
1070,1767,58.9
1071,2177,72.567
1072,1527,50.9
1073,2151,71.7
1074,1513,50.433
1075,1428,47.6
1076,1755,58.5
1077,1784,59.467
1078,1905,63.5
1079,1786,59.533
1080,2058,68.6
1081,2005,66.833
1082,2121,70.7
1083,1828,60.933
1084,1612,53.733
1085,1535,51.167
1086,1766,58.867
1087,1572,52.4
1088,1883,62.767
1089,1760,58.667
1090,1957,65.233
1091,1420,47.333
1092,1919,63.967
1094,1950,65.0
1095,1621,54.033
1096,1917,63.9
1097,1915,63.833
1098,1840,61.333
1099,2197,73.233
1100,1360,45.333
1101,2180,72.667
1102,1829,60.967
1103,1747,58.233
1104,1522,50.733
1105,1995,66.5
1106,1937,64.567
1107,1935,64.5
1108,1793,59.767
1109,1781,59.367
1110,1930,64.333
1111,1806,60.2
1112,1733,57.767
1113,1889,62.967
1114,1565,52.167
1115,1800,60.0
1116,1526,50.867
1117,1634,54.467
1118,1636,54.533
1119,1823,60.767
1120,1718,57.267
1121,1676,55.867
1122,1747,58.233
1123,2356,78.533
1124,1784,59.467
1125,1831,61.033
1126,1988,66.267
1127,1920,64.0
1128,2122,70.733
1129,1913,63.767
1130,1650,55.0
1131,2189,72.967
1132,1691,56.367
1133,1863,62.1
1134,2091,69.7
1135,1882,62.733
1136,1870,62.333
1137,2368,78.933
1138,2125,70.833
1139,1843,61.433
1140,2250,75.0
1142,1672,55.733
1143,1721,57.367
1144,1447,48.233
1145,1468,48.933
1146,1632,54.4
1147,1851,61.7
1148,1993,66.433
1149,1734,57.8
1150,1702,56.733
1151,2388,79.6
1152,2109,70.3
1153,1398,46.6
1154,2209,73.633
1155,1764,58.8
1156,1808,60.267
1157,1542,51.4
1158,1499,49.967
1159,1701,56.7
1160,1724,57.467
1161,1768,58.933
1162,1682,56.067
1163,1431,47.7
1164,1624,54.133
1165,1452,48.4
1166,1560,52.0
1167,1721,57.367
1168,1360,45.333
1169,1479,49.3
1170,1621,54.033
1171,1613,53.767
1172,1386,46.2
1173,1574,52.467
1174,1444,48.133
1175,1388,46.267
1176,1576,52.533
1177,1527,50.9
1178,1737,57.9
1179,1612,53.733
1180,1810,60.333
1181,1745,58.167
1182,1841,61.367
1183,1863,62.1
1184,1932,64.4
1185,1865,62.167
1186,1935,64.5
1187,1970,65.667
1188,2250,75.0
1189,1810,60.333
1190,2076,69.2
1191,2188,72.933
1192,2053,68.433
1193,1732,57.733
1194,1782,59.4
1195,1994,66.467
1196,1715,57.167
1197,1452,48.4
1198,1651,55.033
1199,2252,75.067
1200,1823,60.767
1201,1816,60.533
1202,2584,86.133
1203,1631,54.367
1204,1500,50.0
1205,1837,61.233
1206,1763,58.767
1207,1910,63.667
1208,1949,64.967
1209,1926,64.2
1210,1528,50.933
1211,1662,55.4
1212,1353,45.1
1213,1490,49.667
1214,1878,62.6
1215,1607,53.567
1216,1635,54.5
1217,1748,58.267
1218,1845,61.5
1219,1567,52.233
1220,1923,64.1
1221,1940,64.667
1222,1963,65.433
1223,1690,56.333
1224,1435,47.833
1225,1950,65.0
1226,2045,68.167
1227,1859,61.967
1228,1871,62.367
1229,1755,58.5
1230,1937,64.567
1231,2077,69.233
1232,1911,63.7
1233,1964,65.467
1234,1651,55.033
1235,2085,69.5
1236,2045,68.167
1237,2059,68.633
1238,2126,70.867
1239,2212,73.733
1240,1876,62.533
1241,1746,58.2
1242,1581,52.7
1243,1834,61.133
1244,1558,51.933
1245,1713,57.1
1246,1892,63.067
1247,1676,55.867
1248,1573,52.433
1249,2067,68.9
1250,1644,54.8
1251,1976,65.867
1252,1567,52.233
1253,1839,61.3
1254,1497,49.9
1255,1596,53.2
1256,1601,53.367
1257,2313,77.1
1258,1583,52.767
1259,1679,55.967
1260,1857,61.9
1261,1429,47.633
1262,1741,58.033
1263,1757,58.567
1264,2248,74.933
1265,1749,58.3
1266,1646,54.867
1267,1787,59.567
1268,1507,50.233
1269,1984,66.133
1270,2135,71.167
1271,1405,46.833
1272,2540,84.667
1273,1474,49.133
1274,1695,56.5
1275,2312,77.067
1276,1820,60.667
1277,1706,56.867
1278,1807,60.233
1279,1690,56.333
1280,1437,47.9
1281,2148,71.6
1282,1443,48.1
1283,1716,57.2
1284,1703,56.767
1285,1645,54.833
1286,1727,57.567
1287,1659,55.3
1288,1635,54.5
1289,1355,45.167
1290,1521,50.7
1291,1498,49.933
1292,1646,54.867
1293,1481,49.367
1294,1366,45.533
1295,1522,50.733
1296,1452,48.4
1297,1513,50.433
1298,1582,52.733
1299,1816,60.533
1300,1759,58.633
1301,1650,55.0
1302,1825,60.833
1303,1432,47.733
1304,1582,52.733
1305,1813,60.433
1306,1925,64.167
1307,1693,56.433
1308,1944,64.8
1309,1644,54.8
1310,1751,58.367
1311,2071,69.033
1312,1730,57.667
1313,1524,50.8
1314,1832,61.067
1315,1818,60.6
1316,1533,51.1
1317,1685,56.167
1318,2127,70.9
1319,1651,55.033
1320,1704,56.8
1321,1801,60.033
1322,1375,45.833
1323,1883,62.767
1324,1874,62.467
1325,2193,73.1
1326,1859,61.967
1327,1448,48.267
1328,2043,68.1
1329,2040,68.0
1330,1538,51.267
1331,1778,59.267
1332,1455,48.5
1333,1545,51.5
1334,2155,71.833
1335,1758,58.6
1336,1618,53.933
1337,1840,61.333
1338,2067,68.9
1339,1437,47.9
1340,1637,54.567
1341,2422,80.733
1342,1679,55.967
1343,1459,48.633
1344,1431,47.7
1345,1990,66.333
1346,1838,61.267
1347,1555,51.833
1348,1883,62.767
1349,1927,64.233
1350,1690,56.333
1351,1486,49.533
1352,1449,48.3
1353,2129,70.967
1354,1956,65.2
1355,1352,45.067
1356,1419,47.3
1357,1735,57.833
1358,1596,53.2
1359,1461,48.7
1360,1777,59.233
1361,1562,52.067
1362,1352,45.067
1363,1516,50.533
1364,1668,55.6
1365,1925,64.167
1366,1427,47.567
1367,1394,46.467
1368,1395,46.5
1369,1538,51.267
1370,1667,55.567
1371,1453,48.433
1372,1524,50.8
1373,1523,50.767
1374,1646,54.867
1375,1372,45.733
1376,1466,48.867
1377,2004,66.8
1378,2073,69.1
1379,1665,55.5
1380,1585,52.833
1381,2067,68.9
1382,1419,47.3
1383,1384,46.133
1384,2221,74.033
1385,1619,53.967
1386,1500,50.0
1387,1410,47.0
1388,1399,46.633
1389,1488,49.6
1390,1634,54.467
1391,1526,50.867
1392,1729,57.633
1393,1420,47.333
1394,1559,51.967
1395,2101,70.033
1396,1441,48.033
1397,1708,56.933
1398,1792,59.733
1399,1853,61.767
1400,1384,46.133
1401,1777,59.233
1402,1401,46.7
1403,1382,46.067
1404,1769,58.967
1405,1365,45.5
1406,2110,70.333
1407,1629,54.3
1408,1725,57.5
1409,1647,54.9
1410,1658,55.267
1411,1917,63.9
1412,1374,45.8
1413,1491,49.7
1414,1430,47.667
1415,1497,49.9
1416,1502,50.067
1417,1581,52.7
1418,1523,50.767
1419,1523,50.767
1420,1666,55.533
1421,1810,60.333
1422,1588,52.933
1423,1707,56.9
1424,1501,50.033
1425,1616,53.867
1426,2045,68.167
1427,1627,54.233
1428,2044,68.133
1429,2054,68.467
1430,2387,79.567
1431,2151,71.7
1432,1411,47.033
1433,1575,52.5
1434,1577,52.567
1435,2730,91.0
1436,3202,106.733
1437,3404,113.467
1439,3097,103.233
1442,3451,115.033
1447,1703,56.767
1451,1642,54.733
1454,2185,72.833
1455,2863,95.433
1456,2733,91.1
1457,3450,115.0
1458,3308,110.267
1459,3585,119.5
1460,3515,117.167
1461,3324,110.8
1462,3043,101.433
1463,3119,103.967
1464,3164,105.467
1465,3240,108.0
1466,3105,103.5
1468,3380,112.667
1473,3494,116.467
1476,3339,111.3
1483,2941,98.033
1485,2675,89.167
1486,3206,106.867
1487,1452,48.4
1488,2877,95.9
1489,3555,118.5
1490,2958,98.6
1491,2710,90.333
1492,3132,104.4
1493,2728,90.933
1494,3167,105.567
1495,2921,97.367
1496,2857,95.233
1497,3094,103.133
1498,2453,81.767
1500,3564,118.8
1501,2761,92.033
1502,2667,88.9
1503,3556,118.533
1504,2191,73.033
1505,3586,119.533
1507,2366,78.867
1508,3373,112.433
1509,1871,62.367
1510,2465,82.167
1511,2427,80.9
1512,3163,105.433
1513,2796,93.2
1514,2973,99.1
1516,3463,115.433
1519,1930,64.333
1520,3274,109.133
1523,3401,113.367
1524,3079,102.633
1525,2743,91.433
1527,3460,115.333
1529,3018,100.6
1530,2976,99.2
1531,3430,114.333
1532,2224,74.133
1534,3249,108.3
1535,2746,91.533
1536,2817,93.9
1539,2507,83.567
1540,3004,100.133
1541,3490,116.333
1542,3134,104.467
1544,3029,100.967
1545,2402,80.067
1546,2572,85.733
1547,3218,107.267
1548,2552,85.067
1550,2508,83.6
1551,3057,101.9
1552,2453,81.767
1553,2718,90.6
1554,3008,100.267
1555,3142,104.733
1556,2478,82.6
1557,2802,93.4
1558,3431,114.367
1559,3576,119.2
1560,3444,114.8
1561,2912,97.067
1562,2819,93.967
1564,3244,108.133
1565,3360,112.0
1566,2446,81.533
1567,2633,87.767
1568,3591,119.7
1569,3450,115.0
1570,3092,103.067
1571,3241,108.033
1572,3443,114.767
1574,2427,80.9
1575,2865,95.5
1576,3227,107.567
1577,2710,90.333
1578,3071,102.367
1579,3036,101.2
1580,3207,106.9
1581,3307,110.233
1582,3054,101.8
1583,2094,69.8
1584,2151,71.7
1585,2960,98.667
1586,2687,89.567
1587,2611,87.033
1589,3059,101.967
1590,2778,92.6
1591,2522,84.067
1592,3338,111.267
1593,2536,84.533
1594,2407,80.233
1595,2794,93.133
1596,2570,85.667
1597,3091,103.033
1598,3336,111.2
1602,2791,93.033
1605,3564,118.8
1613,3093,103.1
1614,3572,119.067
1619,1629,54.3
1623,1603,53.433
1625,1776,59.2
1626,1737,57.9
1629,1724,57.467
1630,1690,56.333
1632,1355,45.167
1633,2509,83.633
1634,3272,109.067
1635,1711,57.033
1636,1971,65.7
1637,1749,58.3
1639,1800,60.0
1640,1572,52.4
1642,3564,118.8
1643,3306,110.2
1649,3250,108.333
1653,2741,91.367
1654,3198,106.6
1656,3546,118.2
1657,3251,108.367
1660,2911,97.033
1662,3318,110.6
1665,2639,87.967
1670,3363,112.1
1672,3110,103.667
1674,2261,75.367
1675,2149,71.633
1676,2939,97.967
1677,1467,48.9
1678,2597,86.567
1679,2314,77.133
1680,2857,95.233
1681,1369,45.633
1682,3475,115.833
1683,3417,113.9
1684,1389,46.3
1685,1380,46.0
1686,1659,55.3
1687,1375,45.833
1688,1532,51.067
1689,1431,47.7
1690,1392,46.4
1691,1585,52.833
1692,1497,49.9
1693,1379,45.967
1694,1367,45.567
1695,1382,46.067
1696,1383,46.1
1697,1460,48.667
1698,1496,49.867
1699,1480,49.333
1700,1646,54.867
1701,1472,49.067
1702,1652,55.067
1703,1396,46.533
1704,1519,50.633
1705,1397,46.567
1706,1404,46.8
1707,1421,47.367
1708,1407,46.9
1709,1475,49.167
1710,1378,45.933
1711,1364,45.467
1712,1388,46.267
1713,1469,48.967
1714,1451,48.367
1715,1599,53.3
1716,1487,49.567
1717,1471,49.033
1718,1609,53.633
1719,1456,48.533
1720,1579,52.633
1721,1377,45.9
1722,1375,45.833
1723,1895,63.167
1724,1414,47.133
1725,1560,52.0
1726,1480,49.333
1727,1466,48.867
1728,1499,49.967
1729,1375,45.833
1730,1442,48.067
1731,1393,46.433
1732,2808,93.6
1733,3268,108.933
1734,3128,104.267
1735,3271,109.033
1737,3187,106.233
1738,2989,99.633
1739,3328,110.933
1740,3404,113.467
1741,3364,112.133
1742,3498,116.6
1746,3497,116.567
1747,3504,116.8
1749,3372,112.4
1750,2905,96.833
1754,3371,112.367
1756,3583,119.433
1757,3581,119.367
1763,3288,109.6
1764,2835,94.5
1765,2898,96.6
1766,3127,104.233
1767,3445,114.833
1768,3036,101.2
1770,2571,85.7
1771,3579,119.3
1772,3438,114.6
1773,2912,97.067
1774,3413,113.767
1775,3567,118.9
1776,2954,98.467
1777,3048,101.6
1778,3276,109.2
1779,3344,111.467
1780,3586,119.533
1786,2750,91.667
1787,3456,115.2
1791,3444,114.8
1792,3416,113.867
1793,2994,99.8
1794,3484,116.133
1795,3155,105.167
1797,2943,98.1
1798,3479,115.967
1799,3179,105.967
1800,3165,105.5
1814,2645,88.167
1819,3488,116.267
1820,3474,115.8
1821,3532,117.733
1826,3449,114.967
1827,3542,118.067
1829,3465,115.5
1831,3354,111.8
1843,3339,111.3
1844,3484,116.133
1848,3352,111.733
1849,3184,106.133
1851,2563,85.433
1852,3153,105.1
1853,3056,101.867
1856,2780,92.667
1857,3156,105.2
1858,3418,113.933
1860,3487,116.233
1862,3539,117.967
1863,3219,107.3
1864,2527,84.233
1867,3590,119.667
1868,3578,119.267
1870,3345,111.5
1871,3306,110.2
1873,3393,113.1
1875,3407,113.567
1880,2979,99.3
1882,3582,119.4
1884,3304,110.133
1887,3313,110.433
1890,3267,108.9
1891,3101,103.367
1892,2632,87.733
1894,3244,108.133
1895,3199,106.633
1896,2847,94.9
1897,3321,110.7
1899,3239,107.967
1902,2180,72.667
1904,3514,117.133
1908,3486,116.2
1910,3147,104.9
1911,2919,97.3
1912,2858,95.267
1915,2963,98.767
1916,2529,84.3
1917,2363,78.767
1918,3384,112.8
1919,3084,102.8
1921,3218,107.267
1922,3299,109.967
1924,3528,117.6
1926,2812,93.733
1928,3195,106.5
1929,3193,106.433
1935,2905,96.833
1936,2917,97.233
1938,3002,100.067
1940,3439,114.633
1941,2862,95.4
1942,2705,90.167
1943,3151,105.033
1944,2781,92.7
1947,3161,105.367
1948,2479,82.633
1950,2539,84.633
1951,3282,109.4
1952,3016,100.533
1953,2167,72.233
1957,2300,76.667
1958,2186,72.867
1959,2229,74.3
1960,3579,119.3
1961,3222,107.4
1962,2858,95.267
1963,2684,89.467
1964,2374,79.133
1965,2966,98.867
1966,3292,109.733
1967,3076,102.533
1968,3303,110.1
1969,2825,94.167
1970,2994,99.8
1971,2720,90.667
1972,2836,94.533
1973,3295,109.833
1974,3387,112.9
1975,2651,88.367
1976,3347,111.567
1979,3029,100.967
1980,3323,110.767
1982,3544,118.133
1983,2512,83.733
1987,2724,90.8
1988,2558,85.267
1989,2497,83.233
1991,2675,89.167
1995,3071,102.367
1996,2755,91.833
1997,2775,92.5
1998,3515,117.167
2002,2333,77.767
2003,2718,90.6
2004,2818,93.933
2006,3157,105.233
2008,2692,89.733
2009,2937,97.9
2012,2496,83.2
2014,3373,112.433
2015,3438,114.6
2016,2304,76.8
2017,2610,87.0
2018,2958,98.6
2019,2876,95.867
2020,2985,99.5
2023,2453,81.767
2024,2998,99.933
2025,3199,106.633
2026,3276,109.2
2027,3530,117.667
2028,2609,86.967
2029,2479,82.633
2032,2833,94.433
2033,2543,84.767
2034,2759,91.967
2036,2565,85.5
2037,3020,100.667
2039,2683,89.433
2041,2943,98.1
2042,2962,98.733
2043,2761,92.033
2044,3489,116.3
2045,2799,93.3
2046,3167,105.567
2047,3247,108.233
2048,3346,111.533
2049,3544,118.133
2050,3430,114.333
2051,2907,96.9
2052,3114,103.8
2054,3378,112.6
2056,3523,117.433
2058,3216,107.2
2059,3179,105.967
2060,3491,116.367
2064,3106,103.533
2066,2990,99.667
2067,3294,109.8
2069,3186,106.2
2070,3397,113.233
2071,2524,84.133
2072,2205,73.5
2073,3577,119.233
2074,3535,117.833
2076,2967,98.9
2077,2806,93.533
2078,2806,93.533
2079,2637,87.9
2080,2981,99.367
2082,3332,111.067
2087,2896,96.533
2090,3577,119.233
2099,2710,90.333
2100,3446,114.867
2101,3078,102.6
2102,3266,108.867
2103,3554,118.467
2105,3438,114.6
2107,3213,107.1
2108,3016,100.533
2111,2573,85.767
2112,2743,91.433
2113,2820,94.0
2114,2735,91.167
2115,2339,77.967
2116,3465,115.5
2117,2909,96.967
2118,3155,105.167
2119,3087,102.9
2120,3173,105.767
2121,3578,119.267
2122,2555,85.167
2123,3189,106.3
2124,2752,91.733
2125,3337,111.233
2126,3314,110.467
2127,3089,102.967
2128,3434,114.467
2130,3545,118.167
2131,3582,119.4
2132,3511,117.033
2133,3590,119.667
2135,3148,104.933
2138,2920,97.333
2139,3436,114.533
2140,3370,112.333
2143,3542,118.067
2146,2776,92.533
2148,2425,80.833
2149,3233,107.767
2150,3532,117.733
2151,3453,115.1
2153,3588,119.6
2156,3346,111.533
2157,3440,114.667
2159,2413,80.433
2160,2615,87.167
2161,3410,113.667
2163,3011,100.367
2164,3028,100.933
2168,2889,96.3
2169,3054,101.8
2172,3267,108.9
2174,2965,98.833
2176,3430,114.333
2180,2855,95.167
2181,3150,105.0
2182,3300,110.0
2183,2566,85.533
2185,3036,101.2
2187,3382,112.733
2188,3513,117.1
2190,3487,116.233
2191,3223,107.433
2192,3485,116.167
2195,2814,93.8
2198,3377,112.567
2199,3157,105.233
2200,3161,105.367
2201,3169,105.633
2203,3077,102.567
2204,2439,81.3
2205,2221,74.033
2206,2653,88.433
2207,3572,119.067
2208,3035,101.167
2209,3586,119.533
2210,3126,104.2
2211,2077,69.233
2213,3531,117.7
2214,3575,119.167
2215,3002,100.067
2217,3018,100.6
2218,2643,88.1
2220,3117,103.9
2221,2384,79.467
2222,3352,111.733
2223,3102,103.4
2224,2595,86.5
2225,2780,92.667
2226,3257,108.567
2227,3226,107.533
2228,3288,109.6
2230,3302,110.067
2232,3238,107.933
2243,3400,113.333
2249,3020,100.667
2253,3308,110.267
2259,2979,99.3
2266,3471,115.7
2267,2804,93.467
2270,2688,89.6
2273,2638,87.933
2276,3104,103.467
2285,1533,51.1
2286,1523,50.767
2287,3377,112.567
2288,1990,66.333
2293,2919,97.3
2294,3139,104.633
2296,3576,119.2
2297,2494,83.133
2299,3531,117.7
2302,3330,111.0
2303,3474,115.8
2307,3544,118.133
2308,2233,74.433
2309,2417,80.567
2310,2795,93.167
2311,3096,103.2
2312,2915,97.167
2313,3279,109.3
2314,3057,101.9
2315,3503,116.767
2317,2967,98.9
2319,3511,117.033
2325,2929,97.633
2327,3075,102.5
2329,2990,99.667
2330,3442,114.733
2331,2873,95.767
2332,3394,113.133
2333,2676,89.2
2336,2332,77.733
2339,3173,105.767
2340,3586,119.533
2341,2881,96.033
2342,2947,98.233
2343,2604,86.8
2344,3348,111.6
2345,2890,96.333
2347,3396,113.2
2348,2642,88.067
2349,3384,112.8
2351,3118,103.933
2353,2530,84.333
2355,3202,106.733
2357,2654,88.467
2358,2274,75.8
2360,3110,103.667
2362,2889,96.3
2363,3398,113.267
2364,3004,100.133
2365,3097,103.233
2366,2057,68.567
2369,3114,103.8
2370,2611,87.033
2371,2531,84.367
2372,3316,110.533
2373,1759,58.633
2375,3005,100.167
2376,2308,76.933
2377,2503,83.433
2378,3065,102.167
2379,2666,88.867
2380,2959,98.633
2381,3407,113.567
2383,3301,110.033
2384,2573,85.767
2385,3118,103.933
2386,2615,87.167
2387,2990,99.667
2388,2682,89.4
2392,3298,109.933
2393,3402,113.4
2395,2046,68.2
2398,2327,77.567
2399,2883,96.1
2400,3127,104.233
2401,2292,76.4
2402,2461,82.033
2403,3002,100.067
2405,2718,90.6
2406,2219,73.967
2407,3361,112.033
2408,2059,68.633
2409,2826,94.2
2411,1855,61.833
2413,2998,99.933
2414,1963,65.433
2415,2813,93.767
2416,1815,60.5
2417,3443,114.767
2418,3441,114.7
2420,1886,62.867
2421,2656,88.533
2422,2403,80.1
2423,2455,81.833
2424,3292,109.733
2425,3162,105.4
2426,1982,66.067
2427,3307,110.233
2429,2736,91.2
2430,3434,114.467
2432,2725,90.833
2433,3392,113.067
2434,2629,87.633
2435,2460,82.0
2436,3471,115.7
2438,2609,86.967
2439,3324,110.8
2440,2093,69.767
2441,2427,80.9
2442,2437,81.233
2443,3006,100.2
2444,2342,78.067
2445,2780,92.667
2448,2883,96.1
2449,3574,119.133
2450,2101,70.033
2451,3477,115.9
2453,2840,94.667
2455,2848,94.933
2456,3096,103.2
2457,2092,69.733
2459,3427,114.233
2460,3366,112.2
2461,2596,86.533
2462,3522,117.4
2463,2840,94.667
2464,1781,59.367
2465,2643,88.1
2466,2185,72.833
2467,1652,55.067
2468,3498,116.6
2471,3083,102.767
2472,2245,74.833
2473,3161,105.367
2474,2939,97.967
2475,2550,85.0
2477,2587,86.233
2478,2341,78.033
2479,3069,102.3
2480,3379,112.633
2481,3486,116.2
2482,3425,114.167
2483,2171,72.367
2484,2810,93.667
2485,3166,105.533
2486,2181,72.7
2488,3402,113.4
2489,3544,118.133
2490,2909,96.967
2491,2360,78.667
2492,1823,60.767
2493,2645,88.167
2494,2643,88.1
2495,2429,80.967
2496,2260,75.333
2497,1810,60.333
2499,2630,87.667
2500,2793,93.1
2501,2301,76.7
2502,2798,93.267
2505,2469,82.3
2506,2365,78.833
2507,1657,55.233
2508,2848,94.933
2509,2714,90.467
2511,1853,61.767
2512,3202,106.733
2513,3168,105.6
2514,3386,112.867
2515,2123,70.767
2516,2217,73.9
2517,2670,89.0
2518,2376,79.2
2519,3169,105.633
2520,2599,86.633
2521,2967,98.9
2522,2811,93.7
2523,2728,90.933
2524,2952,98.4
2525,1635,54.5
2526,3303,110.1
2527,2681,89.367
2528,2693,89.767
2529,3488,116.267
2530,2904,96.8
2531,1843,61.433
2533,2953,98.433
2534,2877,95.9
2535,2001,66.7
2536,2494,83.133
2537,2273,75.767
2538,1640,54.667
2539,1856,61.867
2541,2278,75.933
2542,1656,55.2
2543,2220,74.0
2544,2477,82.567
2545,2895,96.5
2546,3086,102.867
2547,3286,109.533
2548,2319,77.3
2549,2316,77.2
2550,1991,66.367
2551,3515,117.167
2552,2635,87.833
2553,3346,111.533
2556,2106,70.2
2557,2268,75.6
2558,2994,99.8
2560,2586,86.2
2561,2315,77.167
2562,2859,95.3
2563,2072,69.067
2564,1417,47.233
2566,2765,92.167
2567,2258,75.267
2568,3451,115.033
2570,3204,106.8
2571,2650,88.333
2572,2422,80.733
2573,3303,110.1
2574,3150,105.0
2576,2110,70.333
2577,2655,88.5
2578,3410,113.667
2579,2787,92.9
2580,3502,116.733
2581,2066,68.867
2582,3271,109.033
2583,2478,82.6
2584,3078,102.6
2586,3086,102.867
2587,2352,78.4
2588,2328,77.6
2590,1902,63.4
2591,3137,104.567
2592,2206,73.533
2593,2460,82.0
2594,2500,83.333
2595,3196,106.533
2596,2937,97.9
2597,2820,94.0
2599,3219,107.3
2600,3135,104.5
2601,3351,111.7
2602,2546,84.867
2603,2918,97.267
2605,3108,103.6
2607,3076,102.533
2608,2449,81.633
2609,2033,67.767
2610,1782,59.4
2611,1638,54.6
2612,2227,74.233
2613,3284,109.467
2614,1600,53.333
2615,2160,72.0
2617,3290,109.667
2618,2781,92.7
2619,2965,98.833
2620,1753,58.433
2621,2845,94.833
2622,2784,92.8
2623,2705,90.167
2624,3236,107.867
2625,1786,59.533
2626,3504,116.8
2628,2057,68.567
2629,3169,105.633
2630,1428,47.6
2633,2613,87.1
2634,3516,117.2
2635,2855,95.167
2636,2969,98.967
2637,3502,116.733
2638,2724,90.8
2639,2378,79.267
2640,2843,94.767
2642,2999,99.967
2643,1845,61.5
2644,2511,83.7
2645,3238,107.933
2646,1710,57.0
2647,3159,105.3
2648,1986,66.2
2649,2945,98.167
2650,2760,92.0
2651,2589,86.3
2652,2119,70.633
2653,2032,67.733
2654,2566,85.533
2655,3403,113.433
2656,1587,52.9
2658,1795,59.833
2659,3147,104.9
2660,2423,80.767
2661,2552,85.067
2662,3108,103.6
2663,2629,87.633
2664,2741,91.367
2665,3241,108.033
2666,2863,95.433
2667,2522,84.067
2668,2397,79.9
2669,3300,110.0
2670,2637,87.9
2671,3006,100.2
2672,2828,94.267
2673,1857,61.9
2674,2885,96.167
2675,2752,91.733
2676,3405,113.5
2677,2776,92.533
2678,2860,95.333
2680,2204,73.467
2681,3083,102.767
2682,3552,118.4
2683,2775,92.5
2684,3129,104.3
2685,2596,86.533
2686,2487,82.9
2687,2034,67.8
2688,3325,110.833
2689,2215,73.833
2690,1622,54.067
2692,2057,68.567
2693,2852,95.067
2694,3489,116.3
2698,2101,70.033
2699,3214,107.133
2700,3488,116.267
2701,2657,88.567
2702,2911,97.033
2703,3472,115.733
2704,3497,116.567
2706,1994,66.467
2707,3162,105.4
2708,2442,81.4
2709,2808,93.6
2710,3307,110.233
2711,3238,107.933
2712,2838,94.6
2713,2728,90.933
2714,1750,58.333
2715,2229,74.3
2716,3142,104.733
2717,3494,116.467
2718,2492,83.067
2719,2250,75.0
2720,3060,102.0
2721,1790,59.667
2722,3223,107.433
2723,3407,113.567
2724,2069,68.967
2725,2809,93.633
2726,1631,54.367
2727,2342,78.067
2728,2013,67.1
2729,3085,102.833
2730,3261,108.7
2731,1801,60.033
2732,1517,50.567
2733,2593,86.433
2734,2294,76.467
2735,2147,71.567
2736,3075,102.5
2738,2285,76.167
2739,2065,68.833
2740,3263,108.767
2741,2944,98.133
2742,1511,50.367
2743,1659,55.3
2744,1885,62.833
2745,2396,79.867
2746,2552,85.067
2747,3080,102.667
2748,2930,97.667
2750,1963,65.433
2751,2487,82.9
2752,3156,105.2
2753,1933,64.433
2754,2500,83.333
2755,1477,49.233
2756,1556,51.867
2757,1615,53.833
2759,3271,109.033
2760,2182,72.733
2761,2664,88.8
2762,3375,112.5
2763,2723,90.767
2764,2042,68.067
2765,1976,65.867
2766,1562,52.067
2767,1951,65.033
2768,2274,75.8
2769,2833,94.433
2770,2946,98.2
2771,3125,104.167
2773,2053,68.433
2774,3572,119.067
2775,2797,93.233
2776,2476,82.533
2777,1536,51.2
2778,2242,74.733
2779,1543,51.433
2780,1557,51.9
2781,1788,59.6
2782,3162,105.4
2783,1565,52.167
2784,3432,114.4
2785,2822,94.067
2786,1710,57.0
2787,1452,48.4
2788,2907,96.9
2789,3368,112.267
2790,1352,45.067
2791,1382,46.067
2792,1436,47.867
2793,2300,76.667
2794,1829,60.967
2795,1532,51.067
2796,3056,101.867
2797,1861,62.033
2798,1770,59.0
2799,3039,101.3
2800,2980,99.333
2802,1720,57.333
2803,1804,60.133
2806,3376,112.533
2807,3420,114.0
2808,2102,70.067
2809,2895,96.5
2810,2807,93.567
2811,2244,74.8
2812,2545,84.833
2813,1915,63.833
2814,2556,85.2
2815,1569,52.3
2816,2722,90.733
2817,2615,87.167
2818,3130,104.333
2819,1551,51.7
2820,1534,51.133
2821,3328,110.933
2822,2863,95.433
2823,1917,63.9
2824,2987,99.567
2825,2010,67.0
2827,2290,76.333
2828,1606,53.533
2829,1653,55.1
2830,2010,67.0
2831,2239,74.633
2832,1653,55.1
2833,1954,65.133
2834,3429,114.3
2835,2119,70.633
2836,1834,61.133
2837,1571,52.367
2838,1624,54.133
2839,2431,81.033
2840,3294,109.8
2841,1909,63.633
2842,2986,99.533
2843,2412,80.4
2844,2450,81.667
2845,3016,100.533
2846,3318,110.6
2847,1430,47.667
2848,1761,58.7
2849,2100,70.0
2850,1779,59.3
2851,1404,46.8
2852,2935,97.833
2853,1748,58.267
2854,1535,51.167
2855,1631,54.367
2856,2841,94.7
2858,2388,79.6
2859,3391,113.033
2860,3170,105.667
2861,1555,51.833
2862,3065,102.167
2863,2680,89.333
2864,3530,117.667
2865,1827,60.9
2866,3014,100.467
2867,1660,55.333
2868,1413,47.1
2870,3027,100.9
2871,1431,47.7
2872,1354,45.133
2873,2779,92.633
2874,1658,55.267
2875,2960,98.667
2876,2559,85.3
2877,2341,78.033
2878,1536,51.2
2879,1548,51.6
2880,1546,51.533
2881,2379,79.3
2882,2001,66.7
2883,2637,87.9
2884,2912,97.067
2885,2512,83.733
2886,1680,56.0
2887,2288,76.267
2888,1957,65.233
2889,1932,64.4
2890,2252,75.067
2891,1497,49.9
2892,2794,93.133
2893,2159,71.967
2894,1817,60.567
2895,2631,87.7
2896,2108,70.267
2897,1432,47.733
2899,2868,95.6
2900,2169,72.3
2901,1766,58.867
2902,2310,77.0
2903,2898,96.6
2904,1393,46.433
2905,1512,50.4
2906,2945,98.167
2907,1836,61.2
2908,3163,105.433
2909,2268,75.6
2910,3549,118.3
2911,1905,63.5
2912,1452,48.4
2913,1557,51.9
2914,2004,66.8
2915,2055,68.5
2916,2759,91.967
2917,2786,92.867
2918,1849,61.633
2919,2623,87.433
2920,1729,57.633
2921,2952,98.4
2922,2449,81.633
2923,1625,54.167
2924,1979,65.967
2925,3155,105.167
2926,1754,58.467
2927,1522,50.733
2929,2915,97.167
2930,3259,108.633
2931,3180,106.0
2932,1823,60.767
2933,1451,48.367
2934,1590,53.0
2935,1593,53.1
2936,1716,57.2
2937,2003,66.767
2938,3213,107.1
2940,1529,50.967
2941,1527,50.9
2943,2377,79.233
2944,1459,48.633
2945,1495,49.833
2946,1753,58.433
2947,2018,67.267
2948,1980,66.0
2949,1722,57.4
2950,2713,90.433
2951,1727,57.567
2952,1851,61.7
2953,1572,52.4
2954,3238,107.933
2955,3103,103.433
2956,2874,95.8
2957,1851,61.7
2958,3108,103.6
2959,2759,91.967
2961,2639,87.967
2962,2001,66.7
2963,3256,108.533
2965,1419,47.3
2966,1580,52.667
2967,1929,64.3
2968,1545,51.5
2969,1475,49.167
2970,1882,62.733
2971,1592,53.067
2972,2004,66.8
2973,1599,53.3
2974,2226,74.2
2975,1787,59.567
2977,2676,89.2
2978,1383,46.1
2979,2975,99.167
2980,1584,52.8
2981,1365,45.5
2982,1682,56.067
2983,1642,54.733
2984,3000,100.0
2985,3350,111.667
2986,3054,101.8
2987,1559,51.967
2988,2949,98.3
2989,2998,99.933
2990,2514,83.8
2991,1723,57.433
2992,2010,67.0
2993,1618,53.933
2994,2526,84.2
2995,2887,96.233
2996,2368,78.933
2997,2451,81.7
2998,1800,60.0
2999,2013,67.1
3001,1663,55.433
3002,2523,84.1
3003,1449,48.3
3004,1936,64.533
3005,3056,101.867
3006,2128,70.933
3007,2839,94.633
3008,1439,47.967
3009,2825,94.167
3010,1989,66.3
3011,1516,50.533
3012,2125,70.833
3013,1770,59.0
3014,2164,72.133
3015,1382,46.067
3016,3119,103.967
3017,1700,56.667
3018,2460,82.0
3019,1359,45.3
3020,2360,78.667
3021,3049,101.633
3022,3213,107.1
3023,1396,46.533
3024,1639,54.633
3025,1437,47.9
3026,1822,60.733
3027,3095,103.167
3028,2671,89.033
3029,1365,45.5
3030,2592,86.4
3031,3135,104.5
3032,1448,48.267
3033,1559,51.967
3034,2296,76.533
3035,1648,54.933
3036,1427,47.567
3037,2248,74.933
3038,2081,69.367
3039,1545,51.5
3040,2072,69.067
3041,2949,98.3
3042,3108,103.6
3043,2169,72.3
3044,2611,87.033
3045,2696,89.867
3046,2482,82.733
3047,2519,83.967
3048,2305,76.833
3049,2880,96.0
3050,2691,89.7
3051,3179,105.967
3052,2555,85.167
3053,3119,103.967
3054,2750,91.667
3055,2957,98.567
3056,3003,100.1
3057,3054,101.8
3058,3072,102.4
3059,3071,102.367
3060,3526,117.533
3061,3132,104.4
3062,2573,85.767
3063,3561,118.7
3064,2600,86.667
3066,2610,87.0
3067,3540,118.0
3068,2792,93.067
3069,2957,98.567
3070,3001,100.033
3071,2246,74.867
3072,3269,108.967
3073,2701,90.033
3074,3439,114.633
3075,3415,113.833
3076,2462,82.067
3077,2744,91.467
3078,2789,92.967
3079,2530,84.333
3080,2467,82.233
3081,3194,106.467
3082,2330,77.667
3083,2723,90.767
3084,2548,84.933
3085,2640,88.0
3086,2773,92.433
3087,2989,99.633
3088,2755,91.833
3089,2789,92.967
3090,2696,89.867
3091,2921,97.367
3092,2374,79.133
3093,2330,77.667
3094,3085,102.833
3095,2853,95.1
3096,3428,114.267
3097,3447,114.9
3098,2927,97.567
3100,3512,117.067
3101,2900,96.667
3102,3047,101.567
3103,2518,83.933
3104,2392,79.733
3105,3189,106.3
3106,2603,86.767
3107,2700,90.0
3108,3045,101.5
3109,3189,106.3
3110,3076,102.533
3111,2960,98.667
3112,2796,93.2
3113,3076,102.533
3114,3417,113.9
3115,2776,92.533
3116,2818,93.933
3117,2932,97.733
3118,2637,87.9
3119,3254,108.467
3120,3116,103.867
3121,3378,112.6
3122,2826,94.2
3123,2952,98.4
3124,2706,90.2
3125,3387,112.9
3126,2655,88.5
3127,3050,101.667
3128,3376,112.533
3129,2960,98.667
3130,3103,103.433
3133,3181,106.033
3134,3463,115.433
3135,3128,104.267
3136,3267,108.9
3137,3318,110.6
3138,3130,104.333
3140,3206,106.867
3141,3290,109.667
3142,3217,107.233
3144,3019,100.633
3145,3255,108.5
3146,3436,114.533
3147,3130,104.333
3148,3491,116.367
3150,3391,113.033
3152,2902,96.733
3154,2703,90.1
3155,3399,113.3
3156,3245,108.167
3157,2362,78.733
3158,3115,103.833
3159,2777,92.567
3161,3253,108.433
3162,2929,97.633
3163,2647,88.233
3164,2938,97.933
3165,2859,95.3
3166,3117,103.9
3167,3412,113.733
3168,3535,117.833
3169,2067,68.9
3170,2845,94.833
3171,3050,101.667
3172,2296,76.533
3173,2150,71.667
3174,2582,86.067
3175,2959,98.633
3176,3057,101.9
3177,1966,65.533
3178,2363,78.767
3179,2298,76.6
3180,1708,56.933
3181,1732,57.733
3183,2043,68.1
3184,1589,52.967
3185,2381,79.367
3186,2181,72.7
3187,2341,78.033
3188,2819,93.967
3189,3140,104.667
3190,2294,76.467
3191,2842,94.733
3192,2332,77.733
3194,2563,85.433
3195,2155,71.833
3196,3123,104.1
3197,2110,70.333
3199,3365,112.167
3200,2305,76.833
3202,2288,76.267
3203,2069,68.967
3204,2290,76.333
3206,2195,73.167
3207,2326,77.533
3208,2081,69.367
3209,1958,65.267
3210,3227,107.567
3211,2061,68.7
3212,2251,75.033
3213,2192,73.067
3214,2433,81.1
3216,3150,105.0
3217,1801,60.033
3218,2481,82.7
3219,2654,88.467
3220,2227,74.233
3221,2276,75.867
3222,2586,86.2
3224,2133,71.1
3225,2056,68.533
3227,2492,83.067
3228,2730,91.0
3231,2536,84.533
3232,2978,99.267
3233,2899,96.633
3234,2702,90.067
3235,2385,79.5
3236,2982,99.4
3237,3262,108.733
3239,3585,119.5
3240,2547,84.9
3241,2384,79.467
3244,3139,104.633
3246,3456,115.2
3248,3600,120.0
3249,3241,108.033
3251,2463,82.1
3252,3147,104.9
3253,3228,107.6
3254,3576,119.2
3255,2170,72.333
3256,3326,110.867
3257,3068,102.267
3259,3469,115.633
3261,2012,67.067
3262,2803,93.433
3263,2061,68.7
3264,2857,95.233
3265,1753,58.433
3268,2242,74.733
3270,2371,79.033
3271,2917,97.233
3272,3439,114.633
3273,3446,114.867
3274,3374,112.467
3275,2290,76.333
3277,2317,77.233
3278,2844,94.8
3279,1863,62.1
3280,3235,107.833
3281,2286,76.2
3282,3411,113.7
3283,3267,108.9
3284,3059,101.967
3285,3178,105.933
3286,1742,58.067
3287,3580,119.333
3289,2777,92.567
3290,1986,66.2
3292,2608,86.933
3293,2119,70.633
3294,3392,113.067
3296,2878,95.933
3297,3014,100.467
3299,2452,81.733
3300,1703,56.767
3301,2356,78.533
3302,2315,77.167
3303,2637,87.9
3305,1712,57.067
3306,3066,102.2
3307,2858,95.267
3308,2387,79.567
3311,2129,70.967
3313,1671,55.7
3314,3526,117.533
3315,3460,115.333
3316,3057,101.9
3317,2109,70.3
3318,3075,102.5
3319,1616,53.867
3320,1940,64.667
3321,3152,105.067
3322,1901,63.367
3323,2838,94.6
3324,1963,65.433
3325,2706,90.2
3326,3010,100.333
3327,2485,82.833
3328,3597,119.9
3329,1672,55.733
3330,2283,76.1
3331,3114,103.8
3332,3546,118.2
3333,2118,70.6
3334,2563,85.433
3335,2130,71.0
3336,2924,97.467
3337,2623,87.433
3339,1802,60.067
3340,3419,113.967
3341,1871,62.367
3342,1381,46.033
3343,3385,112.833
3344,2373,79.1
3345,2895,96.5
3346,2818,93.933
3347,2968,98.933
3348,1779,59.3
3349,1411,47.033
3350,1645,54.833
3351,3487,116.233
3352,2651,88.367
3353,1942,64.733
3354,1747,58.233
3355,3310,110.333
3356,3012,100.4
3358,1645,54.833
3359,2929,97.633
3360,2135,71.167
3361,3574,119.133
3362,1864,62.133
3363,1971,65.7
3364,2662,88.733
3365,1922,64.067
3366,3269,108.967
3367,2768,92.267
3368,1589,52.967
3369,2947,98.233
3370,3577,119.233
3371,1605,53.5
3372,2603,86.767
3373,2794,93.133
3374,3074,102.467
3375,1788,59.6
3376,2770,92.333
3377,3197,106.567
3378,1626,54.2
3379,3552,118.4
3380,1607,53.567
3381,1924,64.133
3382,1563,52.1
3383,1411,47.033
3384,3298,109.933
3385,2883,96.1
3386,3317,110.567
3387,1506,50.2
3388,1881,62.7
3389,1383,46.1
3391,2809,93.633
3392,1957,65.233
3395,1408,46.933
3396,3092,103.067
3397,1933,64.433
3398,1536,51.2
3399,3069,102.3
3400,3259,108.633
3401,3297,109.9
3402,3401,113.367
3403,1546,51.533
3404,3128,104.267
3405,2934,97.8
3406,3378,112.6
3407,2557,85.233
3408,1929,64.3
3409,3449,114.967
3410,1474,49.133
3411,3237,107.9
3412,3029,100.967
3414,1936,64.533
3416,2937,97.9
3417,2895,96.5
3418,1812,60.4
3420,3528,117.6
3421,2815,93.833
3422,2109,70.3
3423,1905,63.5
3424,2257,75.233
3425,2543,84.767
3426,3509,116.967
3427,2075,69.167
3428,2595,86.5
3429,2629,87.633
3430,3398,113.267
3431,1831,61.033
3432,1754,58.467
3433,1827,60.9
3434,2856,95.2
3435,1446,48.2
3436,2600,86.667
3437,2852,95.067
3438,1651,55.033
3440,3050,101.667
3441,1395,46.5
3444,3215,107.167
3445,3037,101.233
3447,3577,119.233
3448,2909,96.967
3449,2745,91.5
3451,2690,89.667
3452,3505,116.833
3453,2872,95.733
3454,2959,98.633
3455,2928,97.6
3456,2440,81.333
3458,2968,98.933
3459,2258,75.267
3460,2887,96.233
3461,2915,97.167
3462,3130,104.333
3463,3027,100.9
3464,3441,114.7
3465,3092,103.067
3466,3118,103.933
3467,3233,107.767
3468,2777,92.567
3469,3395,113.167
3470,2877,95.9
3471,3352,111.733
3472,3071,102.367
3474,3061,102.033
3475,2822,94.067
3476,3144,104.8
3477,2345,78.167
3479,2545,84.833
3480,2265,75.5
3481,3170,105.667
3483,2873,95.767
3484,2692,89.733
3485,2194,73.133
3486,2871,95.7
3487,1886,62.867
3488,2165,72.167
3489,2674,89.133
3490,3076,102.533
3492,2823,94.1
3493,2937,97.9
3494,2990,99.667
3495,3457,115.233
3496,3309,110.3
3497,2618,87.267
3498,3121,104.033
3499,2457,81.9
3500,2328,77.6
3502,2541,84.7
3503,2986,99.533
3506,2432,81.067
3507,3296,109.867
3508,3203,106.767
3509,2501,83.367
3510,2105,70.167
3511,2136,71.2
3512,2901,96.7
3513,2474,82.467
3514,1995,66.5
3515,2706,90.2
3516,2656,88.533
3517,2589,86.3
3519,2744,91.467
3520,3461,115.367
3521,3012,100.4
3522,2895,96.5
3523,3594,119.8
3524,3327,110.9
3525,3218,107.267
3526,3447,114.9
3528,3195,106.5
3531,3156,105.2
3532,3451,115.033
3533,3101,103.367
3536,3593,119.767
3537,3440,114.667
3538,3236,107.867
3539,3523,117.433
3541,3445,114.833
3542,3281,109.367
3543,3556,118.533
3544,3072,102.4
3545,3434,114.467
3546,3302,110.067
3547,2827,94.233
3550,2936,97.867
3556,2744,91.467
3557,3488,116.267
3558,3280,109.333
3559,3153,105.1
3560,3564,118.8
3563,3133,104.433
3565,3257,108.567
3566,3580,119.333
3567,3117,103.9
3569,3553,118.433
3572,3566,118.867
3573,3563,118.767
3579,3313,110.433
3582,2492,83.067
3583,3511,117.033
3584,3569,118.967
3585,3405,113.5
3586,3233,107.767
3588,3528,117.6
3589,2045,68.167
3591,2110,70.333
3592,2280,76.0
3594,2494,83.133
3595,3227,107.567
3597,2881,96.033
3598,3259,108.633
3599,3542,118.067
3600,2261,75.367
3601,3147,104.9
3602,2993,99.767
3603,3278,109.267
3604,2617,87.233
3605,2977,99.233
3606,3001,100.033
3607,2198,73.267
3608,3549,118.3
3609,3588,119.6
3612,3212,107.067
3613,3206,106.867
3616,2875,95.833
3618,2416,80.533
3619,3395,113.167
3620,2909,96.967
3622,3141,104.7
3623,3225,107.5
3624,2887,96.233
3625,2755,91.833
3626,2741,91.367
3627,3190,106.333
3629,3339,111.3
3630,2800,93.333
3631,2979,99.3
3633,3290,109.667
3634,3050,101.667
3635,2833,94.433
3636,3108,103.6
3637,3309,110.3
3639,2798,93.267
3641,3025,100.833
3643,3287,109.567
3644,2498,83.267
3645,3245,108.167
3646,2572,85.733
3647,2200,73.333
3648,3462,115.4
3649,2043,68.1
3650,3135,104.5
3651,3370,112.333
3652,2743,91.433
3653,1944,64.8
3654,2619,87.3
3655,3159,105.3
3656,2315,77.167
3657,2518,83.933
3659,2411,80.367
3660,3123,104.1
3661,3219,107.3
3662,2318,77.267
3663,2569,85.633
3664,2471,82.367
3665,3546,118.2
3666,3075,102.5
3667,3508,116.933
3668,3158,105.267
3671,2028,67.6
3672,2429,80.967
3673,3030,101.0
3674,2640,88.0
3675,2168,72.267
3676,3164,105.467
3677,2921,97.367
3678,2530,84.333
3679,2260,75.333
3680,3135,104.5
3681,2461,82.033
3682,2786,92.867
3683,3343,111.433
3684,2047,68.233
3685,2981,99.367
3686,2719,90.633
3687,2620,87.333
3688,2387,79.567
3689,2588,86.267
3690,3143,104.767
3691,2287,76.233
3692,2232,74.4
3693,2357,78.567
3694,3130,104.333
3695,2881,96.033
3696,2398,79.933
3697,2470,82.333
3698,2722,90.733
3699,2472,82.4
3700,3084,102.8
3701,2887,96.233
3702,2968,98.933
3703,2513,83.767
3704,2236,74.533
3705,2699,89.967
3706,2628,87.6
3708,2437,81.233
3709,2676,89.2
3710,2717,90.567
3711,2462,82.067
3712,2519,83.967
3713,3437,114.567
3715,2519,83.967
3716,3139,104.633
3717,2664,88.8
3718,1905,63.5
3719,2550,85.0
3720,2519,83.967
3721,2391,79.7
3722,2834,94.467
3723,2723,90.767
3724,2885,96.167
3725,2949,98.3
3726,3255,108.5
3727,3179,105.967
3729,2355,78.5
3730,2589,86.3
3731,2250,75.0
3732,2942,98.067
3733,3195,106.5
3734,2469,82.3
3735,2790,93.0
3736,3179,105.967
3737,2752,91.733
3738,3334,111.133
3739,3276,109.2
3740,2876,95.867
3741,2945,98.167
3742,2921,97.367
3743,3052,101.733
3744,3460,115.333
3747,3463,115.433
3750,3537,117.9
3753,3380,112.667
3758,3271,109.033
3759,3305,110.167
3761,2796,93.2
3762,3434,114.467
3763,3201,106.7
3765,2511,83.7
3766,3321,110.7
3767,3289,109.633
3768,3534,117.8
3770,2809,93.633
3772,2701,90.033
3773,3242,108.067
3774,3293,109.767
3775,3471,115.7
3777,2956,98.533
3778,3448,114.933
3779,3195,106.5
3781,3279,109.3
3782,3143,104.767
3784,3504,116.8
3785,3058,101.933
3786,3337,111.233
3787,2983,99.433
3789,3150,105.0
3794,3125,104.167
3795,2593,86.433
3798,3282,109.4
3799,2977,99.233
3800,2910,97.0
3801,3436,114.533
3802,2751,91.7
3803,2890,96.333
3804,2893,96.433
3806,3170,105.667
3808,3253,108.433
3809,2909,96.967
3810,2985,99.5
3812,2975,99.167
3815,3594,119.8
3816,3245,108.167
3817,2875,95.833
3818,3016,100.533
3819,2822,94.067
3821,2436,81.2
3823,3509,116.967
3825,3434,114.467
3828,3319,110.633
3829,3081,102.7
3830,2819,93.967
3832,2928,97.6
3834,3267,108.9
3835,3428,114.267
3836,2955,98.5
3837,3031,101.033
3838,2932,97.733
3839,3135,104.5
3841,2938,97.933
3842,3345,111.5
3843,2811,93.7
3844,3037,101.233
3846,3588,119.6
3847,3350,111.667
3850,3350,111.667
3852,3560,118.667
3853,2869,95.633
3854,3465,115.5
3855,3125,104.167
3856,2719,90.633
3858,3371,112.367
3859,2776,92.533
3860,3478,115.933
3862,2721,90.7
3865,2947,98.233
3867,2926,97.533
3868,3249,108.3
3869,3164,105.467
3871,3037,101.233
3872,2891,96.367
3873,3193,106.433
3875,2936,97.867
3876,3374,112.467
3877,3260,108.667
3878,3048,101.6
3879,2177,72.567
3884,2722,90.733
3885,3261,108.7
3886,3508,116.933
3887,2990,99.667
3890,3149,104.967
3892,3008,100.267
3893,2385,79.5
3894,2572,85.733
3895,2883,96.1
3896,3091,103.033
3898,2850,95.0
3899,3069,102.3
3900,2951,98.367
3901,3105,103.5
3905,2918,97.267
3906,3330,111.0
3907,3206,106.867
3908,3069,102.3
3910,2811,93.7
3914,2719,90.633
3915,2955,98.5
3917,2898,96.6
3918,2786,92.867
3920,2213,73.767
3921,3298,109.933
3922,2504,83.467
3923,3014,100.467
3924,3327,110.9
3926,2797,93.233
3928,2500,83.333
3929,2998,99.933
3931,3080,102.667
3932,2556,85.2
3933,2361,78.7
3934,3110,103.667
3935,2643,88.1
3936,3451,115.033
3937,3150,105.0
3938,2607,86.9
3939,2290,76.333
3940,2733,91.1
3941,3077,102.567
3942,3075,102.5
3944,2980,99.333
3946,2995,99.833
3949,3526,117.533
3950,3240,108.0
3951,2761,92.033
3952,3062,102.067
3955,2677,89.233
3957,3190,106.333
3959,2989,99.633
3960,2647,88.233
3961,3224,107.467
3962,3404,113.467
3963,3106,103.533
3967,3573,119.1
3971,2927,97.567
3972,2973,99.1
3974,3268,108.933
3976,3528,117.6
3977,3106,103.533
3978,2791,93.033
3980,2306,76.867
3981,2868,95.6
3983,3514,117.133
3984,3473,115.767
3985,3092,103.067
3986,3085,102.833
3987,2784,92.8
3988,2769,92.3
3989,2765,92.167
3990,2870,95.667
3991,3470,115.667
3992,2713,90.433
3993,3343,111.433
3994,2903,96.767
3995,2245,74.833
3997,3388,112.933
3998,2368,78.933
4000,3045,101.5
4001,3328,110.933
4003,2435,81.167
4004,2423,80.767
4005,2649,88.3
4007,3311,110.367
4008,3073,102.433
4009,3012,100.4
4010,3210,107.0
4011,2216,73.867
4012,2815,93.833
4013,2759,91.967
4014,2506,83.533
4015,2884,96.133
4017,3326,110.867
4019,2716,90.533
4020,3586,119.533
4021,3231,107.7
4022,2690,89.667
4023,2931,97.7
4024,2667,88.9
4025,2831,94.367
4027,2498,83.267
4028,2394,79.8
4031,3168,105.6
4032,3139,104.633
4033,3226,107.533
4034,3166,105.533
4035,3255,108.5
4037,2808,93.6
4038,3006,100.2
4039,3562,118.733
4040,2978,99.267
4042,2224,74.133
4043,3088,102.933
4044,2520,84.0
4045,3290,109.667
4047,3016,100.533
4048,2672,89.067
4049,3277,109.233
4050,2814,93.8
4051,2599,86.633
4052,3071,102.367
4053,3090,103.0
4054,3522,117.4
4055,2902,96.733
4057,3092,103.067
4058,2388,79.6
4059,3595,119.833
4060,2493,83.1
4061,3067,102.233
4062,3030,101.0
4063,3300,110.0
4064,2854,95.133
4065,2771,92.367
4066,2958,98.6
4067,2927,97.567
4068,3017,100.567
4069,2871,95.7
4070,2330,77.667
4071,2800,93.333
4072,2810,93.667
4073,2906,96.867
4074,3262,108.733
4075,3496,116.533
4076,2684,89.467
4077,2453,81.767
4078,2832,94.4
4079,2586,86.2
4080,3103,103.433
4081,2854,95.133
4082,2896,96.533
4083,3051,101.7
4084,3204,106.8
4085,2730,91.0
4086,3285,109.5
4087,3239,107.967
4088,3091,103.033
4089,3245,108.167
4090,3077,102.567
4091,2584,86.133
4092,3036,101.2
4093,3585,119.5
4094,3257,108.567
4095,2234,74.467
4096,2878,95.933
4097,2203,73.433
4098,2890,96.333
4099,2647,88.233
4100,3325,110.833
4102,3505,116.833
4103,2983,99.433
4104,3401,113.367
4105,2351,78.367
4106,2863,95.433
4107,2504,83.467
4108,3216,107.2
4109,3103,103.433
4110,2662,88.733
4111,2533,84.433
4112,3030,101.0
4113,3369,112.3
4114,2923,97.433
4115,3114,103.8
4117,3206,106.867
4118,3153,105.1
4119,2555,85.167
4120,2978,99.267
4121,3006,100.2
4123,3249,108.3
4124,2575,85.833
4125,2493,83.1
4126,3114,103.8
4127,2771,92.367
4128,2749,91.633
4129,2939,97.967
4130,3202,106.733
4131,2807,93.567
4132,3401,113.367
4133,3240,108.0
4134,3550,118.333
4135,3500,116.667
4136,3270,109.0
4138,3562,118.733
4142,3467,115.567
4158,3443,114.767
4160,3252,108.4
4167,2962,98.733
4172,3492,116.4
4179,3337,111.233
4181,3456,115.2
4197,3281,109.367
4199,2703,90.1
4200,3522,117.4
4201,2735,91.167
4202,3212,107.067
4203,2872,95.733
4204,3057,101.9
4205,3062,102.067
4206,3125,104.167
4207,3089,102.967
4208,3523,117.433
4209,3511,117.033
4211,3506,116.867
4213,3182,106.067
4214,2473,82.433
4215,2879,95.967
4216,3083,102.767
4217,2928,97.6
4219,3275,109.167
4221,2973,99.1
4223,2986,99.533
4224,3600,120.0
4225,2898,96.6
4226,2837,94.567
4227,2449,81.633
4229,3452,115.067
4230,3474,115.8
4231,3191,106.367
4232,2571,85.7
4233,2906,96.867
4234,3147,104.9
4235,3269,108.967
4236,3016,100.533
4237,3156,105.2
4238,2974,99.133
4239,3062,102.067
4240,2663,88.767
4241,3387,112.9
4243,2222,74.067
4244,2393,79.767
4245,2717,90.567
4246,3111,103.7
4247,2972,99.067
4248,2035,67.833
4249,1820,60.667
4250,2014,67.133
4251,2401,80.033
4252,2243,74.767
4253,2296,76.533
4254,1844,61.467
4255,2731,91.033
4256,2326,77.533
4257,1960,65.333
4258,2318,77.267
4259,2365,78.833
4260,2670,89.0
4262,2170,72.333
4263,2613,87.1
4264,1919,63.967
4265,1987,66.233
4267,2056,68.533
4270,3061,102.033
4271,2778,92.6
4272,1908,63.6
4274,2242,74.733
4275,2669,88.967
4276,2522,84.067
4277,2037,67.9
4278,2399,79.967
4279,2249,74.967
4280,2124,70.8
4281,2220,74.0
4282,1829,60.967
4283,2464,82.133
4284,2114,70.467
4285,1890,63.0
4286,1951,65.033
4287,1931,64.367
4288,2183,72.767
4289,2279,75.967
4290,2310,77.0
4291,2181,72.7
4292,2220,74.0
4293,2211,73.7
4294,2101,70.033
4295,1961,65.367
4296,1974,65.8
4297,2341,78.033
4298,2242,74.733
4299,2003,66.767
4300,1914,63.8
4301,2909,96.967
4302,2282,76.067
4303,1843,61.433
4304,2172,72.4
4305,3083,102.767
4306,1591,53.033
4307,2486,82.867
4308,2112,70.4
4309,1577,52.567
4310,2010,67.0
4311,2120,70.667
4312,1973,65.767
4313,2323,77.433
4314,2051,68.367
4315,2373,79.1
4316,1872,62.4
4317,2332,77.733
4318,1721,57.367
4319,2372,79.067
4320,1742,58.067
4321,1712,57.067
4322,1577,52.567
4323,2659,88.633
4324,2016,67.2
4325,1481,49.367
4326,2212,73.733
4327,1727,57.567
4328,1912,63.733
4329,2145,71.5
4330,2030,67.667
4331,2465,82.167
4332,2693,89.767
4333,2090,69.667
4334,2484,82.8
4335,1892,63.067
4336,2155,71.833
4337,2955,98.5
4338,2474,82.467
4339,2622,87.4
4340,2646,88.2
4341,3035,101.167
4342,2547,84.9
4345,3522,117.4
4349,2729,90.967
4351,3344,111.467
4361,2930,97.667
4362,2307,76.9
4363,1676,55.867
4364,3383,112.767
4365,2641,88.033
4366,2561,85.367
4368,2586,86.2
4369,2830,94.333
4370,2450,81.667
4371,2721,90.7
4372,2596,86.533
4373,2147,71.567
4374,2905,96.833
4375,1898,63.267
4377,2919,97.3
4379,2516,83.867
4380,3343,111.433
4381,1980,66.0
4382,1783,59.433
4383,2272,75.733
4385,2995,99.833
4386,3162,105.4
4388,2106,70.2
4390,3396,113.2
4391,2492,83.067
4393,2308,76.933
4394,1970,65.667
4395,2661,88.7
4396,2076,69.2
4397,2249,74.967
4400,2578,85.933
4402,2971,99.033
4403,2537,84.567
4404,2173,72.433
4405,2840,94.667
4406,2788,92.933
4407,2089,69.633
4408,2576,85.867
4410,2107,70.233
4411,2571,85.7
4413,3334,111.133
4414,2974,99.133
4415,3127,104.233
4416,3278,109.267
4418,3518,117.267
4419,2620,87.333
4420,2273,75.767
4421,1954,65.133
4422,2380,79.333
4428,2878,95.933
4429,2666,88.867
4431,3169,105.633
4432,2571,85.7
4433,3585,119.5
4434,3042,101.4
4435,3272,109.067
4437,2889,96.3
4438,3342,111.4
4439,2878,95.933
4440,2563,85.433
4441,3200,106.667
4442,2843,94.767
4444,3489,116.3
4445,3372,112.4
4446,3090,103.0
4447,3529,117.633
4448,3354,111.8
4449,2950,98.333
4450,3264,108.8
4452,2676,89.2
4453,1649,54.967
4454,3237,107.9
4456,2839,94.633
4457,3375,112.5
4459,2720,90.667
4460,3500,116.667
4461,3338,111.267
4463,3197,106.567
4464,3090,103.0
4465,2068,68.933
4467,2932,97.733
4468,3493,116.433
4469,1814,60.467
4470,2305,76.833
4471,2502,83.4
4472,2584,86.133
4473,2914,97.133
4474,3483,116.1
4475,2868,95.6
4476,2403,80.1
4477,2725,90.833
4478,3074,102.467
4479,3142,104.733
4481,2940,98.0
4482,3301,110.033
4483,2761,92.033
4485,3156,105.2
4486,3520,117.333
4487,2499,83.3
4488,2950,98.333
4489,2624,87.467
4490,1975,65.833
4491,3081,102.7
4493,2963,98.767
4494,2899,96.633
4495,2243,74.767
4497,2168,72.267
4498,3133,104.433
4500,3225,107.5
4501,3202,106.733
4502,2576,85.867
4504,2977,99.233
4506,2572,85.733
4507,2714,90.467
4509,2885,96.167
4510,3021,100.7
4511,3343,111.433
4512,3426,114.2
4513,3519,117.3
4514,3156,105.2
4516,2810,93.667
4518,2977,99.233
4520,3319,110.633
4521,3370,112.333
4522,2419,80.633
4523,2784,92.8
4524,2913,97.1
4525,3411,113.7
4527,3466,115.533
4528,1745,58.167
4529,2424,80.8
4531,1828,60.933
4532,2014,67.133
4533,3238,107.933
4534,2657,88.567
4535,2908,96.933
4537,3202,106.733
4538,1848,61.6
4541,2729,90.967
4542,2147,71.567
4543,2341,78.033
4544,2029,67.633
4545,2566,85.533
4547,2805,93.5
4548,2245,74.833
4549,2321,77.367
4550,2213,73.767
4551,2266,75.533
4553,2498,83.267
4555,2330,77.667
4556,2811,93.7
4557,2389,79.633
4558,3172,105.733
4559,3377,112.567
4560,2047,68.233
4561,2636,87.867
4562,2342,78.067
4563,1364,45.467
4564,1773,59.1
4566,1918,63.933
4567,2466,82.2
4568,1710,57.0
4569,3062,102.067
4570,2547,84.9
4571,2074,69.133
4572,2166,72.2
4573,2382,79.4
4574,2938,97.933
4575,2742,91.4
4576,2606,86.867
4577,3517,117.233
4578,2190,73.0
4579,3011,100.367
4580,2485,82.833
4581,2719,90.633
4582,2004,66.8
4583,1981,66.033
4584,2874,95.8
4585,2657,88.567
4586,2403,80.1
4587,2187,72.9
4588,2539,84.633
4589,2926,97.533
4590,2372,79.067
4591,2953,98.433
4592,3191,106.367
4593,2380,79.333
4594,2810,93.667
4595,2512,83.733
4596,2599,86.633
4597,3491,116.367
4598,2429,80.967
4599,3401,113.367
4600,3586,119.533
4601,3324,110.8
4602,3139,104.633
4603,3030,101.0
4605,2974,99.133
4606,2781,92.7
4607,3446,114.867
4608,3316,110.533
4609,2761,92.033
4610,2218,73.933
4611,3249,108.3
4612,3326,110.867
4615,3597,119.9
4617,2780,92.667
4618,2579,85.967
4619,2747,91.567
4622,3065,102.167
4623,2541,84.7
4624,3177,105.9
4625,2685,89.5
4626,2632,87.733
4627,2729,90.967
4628,2773,92.433
4629,3572,119.067
4630,3158,105.267
4631,1971,65.7
4632,3372,112.4
4633,2679,89.3
4634,2214,73.8
4636,3419,113.967
4638,3568,118.933
4639,3303,110.1
4640,2999,99.967
4641,3119,103.967
4642,2861,95.367
4644,2659,88.633
4645,2837,94.567
4647,2602,86.733
4648,2616,87.2
4649,2606,86.867
4650,1987,66.233
4652,3111,103.7
4653,2243,74.767
4656,2053,68.433
4657,2175,72.5
4658,2986,99.533
4659,2969,98.967
4660,3411,113.7
4661,2401,80.033
4662,2637,87.9
4663,1699,56.633
4664,2516,83.867
4665,2622,87.4
4667,2339,77.967
4668,1884,62.8
4669,2806,93.533
4670,2935,97.833
4671,3022,100.733
4672,2500,83.333
4673,2293,76.433
4674,3236,107.867
4675,3199,106.633
4676,2823,94.1
4677,2476,82.533
4678,2317,77.233
4679,2780,92.667
4680,2859,95.3
4681,3516,117.2
4682,3348,111.6
4683,3117,103.9
4684,2744,91.467
4685,3189,106.3
4686,3107,103.567
4687,3411,113.7
4688,2097,69.9
4689,3299,109.967
4690,3233,107.767
4691,3328,110.933
4692,2890,96.333
4694,3251,108.367
4695,3110,103.667
4696,2421,80.7
4697,2894,96.467
4699,2243,74.767
4700,3255,108.5
4701,2681,89.367
4702,3298,109.933
4703,2873,95.767
4705,3166,105.533
4706,2482,82.733
4707,3327,110.9
4708,2693,89.767
4709,3399,113.3
4710,2811,93.7
4711,3413,113.767
4713,3050,101.667
4714,2157,71.9
4715,3206,106.867
4718,3044,101.467
4719,2297,76.567
4720,3213,107.1
4721,2798,93.267
4722,2581,86.033
4723,2949,98.3
4724,2873,95.767
4725,2341,78.033
4726,2935,97.833
4727,3579,119.3
4728,2041,68.033
4729,2788,92.933
4730,2705,90.167
4731,3446,114.867
4732,3076,102.533
4733,2522,84.067
4734,2559,85.3
4735,3011,100.367
4736,2629,87.633
4737,3421,114.033
4738,3100,103.333
4739,3191,106.367
4740,3265,108.833
4741,2951,98.367
4743,3365,112.167
4744,2921,97.367
4745,3390,113.0
4746,3321,110.7
4747,2677,89.233
4748,2475,82.5
4749,2604,86.8
4750,2593,86.433
4751,2254,75.133
4752,3305,110.167
4753,3123,104.1
4754,2971,99.033
4755,2334,77.8
4756,3001,100.033
4757,2984,99.467
4758,2982,99.4
4759,2682,89.4
4760,2912,97.067
4761,3158,105.267
4762,2744,91.467
4763,3447,114.9
4764,2239,74.633
4765,3080,102.667
4766,3048,101.6
4767,3296,109.867
4768,3006,100.2
4770,3401,113.367
4771,2681,89.367
4772,2898,96.6
4773,2490,83.0
4774,2821,94.033
4775,2875,95.833
4776,3326,110.867
4778,2658,88.6
4780,2724,90.8
4781,2858,95.267
4782,2516,83.867
4784,3147,104.9
4785,3012,100.4
4786,2676,89.2
4787,2380,79.333
4788,2576,85.867
4789,3161,105.367
4790,2705,90.167
4791,3073,102.433
4792,2936,97.867
4793,3421,114.033
4794,2638,87.933
4795,3052,101.733
4796,2932,97.733
4797,3432,114.4
4798,2769,92.3
4799,3126,104.2
4800,3206,106.867
4801,2910,97.0
4802,2960,98.667
4803,3393,113.1
4805,3099,103.3
4806,2990,99.667
4807,3305,110.167
4808,2728,90.933
4810,3027,100.9
4811,3160,105.333
4813,3416,113.867
4814,2421,80.7
4815,2958,98.6
4817,2931,97.7
4818,2445,81.5
4819,2556,85.2
4820,2955,98.5
4821,2691,89.7
4822,2547,84.9
4823,2679,89.3
4824,2445,81.5
4825,3210,107.0
4827,2884,96.133
4828,3529,117.633
4829,2449,81.633
4830,2804,93.467
4831,2131,71.033
4832,2009,66.967
4833,2818,93.933
4834,3010,100.333
4836,2917,97.233
4837,2903,96.767
4839,2530,84.333
4840,2741,91.367
4842,2677,89.233
4843,2955,98.5
4844,3219,107.3
4845,2667,88.9
4846,3082,102.733
4847,2680,89.333
4849,2806,93.533
4850,2692,89.733
4852,2922,97.4
4853,2752,91.733
4854,2609,86.967
4856,2428,80.933
4857,2200,73.333
4858,3549,118.3
4859,3395,113.167
4860,3045,101.5
4861,2696,89.867
4862,3269,108.967
4864,3297,109.9
4865,3107,103.567
4866,2801,93.367
4867,3014,100.467
4869,2707,90.233
4870,2538,84.6
4872,2991,99.7
4873,3426,114.2
4874,3147,104.9
4876,3081,102.7
4877,2021,67.367
4879,2630,87.667
4880,2231,74.367
4881,2314,77.133
4882,2143,71.433
4883,2202,73.4
4884,2698,89.933
4885,2960,98.667
4887,2679,89.3
4888,2447,81.567
4889,2289,76.3
4890,3035,101.167
4891,2288,76.267
4892,3338,111.267
4893,2614,87.133
4894,3035,101.167
4895,3309,110.3
4905,3150,105.0
4910,3488,116.267
4915,3458,115.267
4917,3525,117.5
4920,3467,115.567
4927,3244,108.133
4931,2763,92.1
4932,3543,118.1
4936,3293,109.767
4937,3521,117.367
4943,3449,114.967
4946,3234,107.8
4959,3097,103.233
4961,3307,110.233
4962,3374,112.467
4971,3551,118.367
4973,3278,109.267
4980,2538,84.6
4984,3579,119.3
4989,2843,94.767
4990,3038,101.267
4993,2515,83.833
4994,2325,77.5
4995,2857,95.233
4998,2328,77.6
4999,3264,108.8
5001,2937,97.9
5002,2614,87.133
5004,3580,119.333
5005,2845,94.833
5006,2795,93.167
5008,2807,93.567
5009,3471,115.7
5013,3185,106.167
5014,3050,101.667
5017,2893,96.433
5018,3279,109.3
5020,3504,116.8
5024,3351,111.7
5025,3237,107.9
5026,2508,83.6
5027,3082,102.733
5028,2154,71.8
5029,2405,80.167
5030,1994,66.467
5031,2012,67.067
5032,3184,106.133
5033,3090,103.0
5034,2821,94.033
5036,2432,81.067
5037,2566,85.533
5038,3090,103.0
5039,3171,105.7
5040,3006,100.2
5042,2768,92.267
5043,3526,117.533
5044,3278,109.267
5045,3469,115.633
5046,2756,91.867
5047,3314,110.467
5048,3180,106.0
5050,2818,93.933
5051,3202,106.733
5052,2724,90.8
5053,3559,118.633
5054,3379,112.633
5057,3001,100.033
5059,2346,78.2
5060,3509,116.967
5061,2468,82.267
5062,3323,110.767
5063,3368,112.267
5064,3471,115.7
5065,2597,86.567
5066,1637,54.567
5067,1849,61.633
5068,1843,61.433
5071,2803,93.433
5072,1791,59.7
5073,2070,69.0
5075,2321,77.367
5078,2097,69.9
5079,1845,61.5
5080,3056,101.867
5081,3504,116.8
5082,2467,82.233
5083,2988,99.6
5084,3363,112.1
5085,2365,78.833
5086,2940,98.0
5087,3003,100.1
5091,2519,83.967
5092,3347,111.567
5093,2955,98.5
5094,2872,95.733
5095,2679,89.3
5096,2760,92.0
5097,3096,103.2
5098,2659,88.633
5099,3465,115.5
5101,3460,115.333
5102,3531,117.7
5104,3598,119.933
5108,3140,104.667
5112,3312,110.4
5114,3340,111.333
5122,3285,109.5
5124,3227,107.567
5125,3261,108.7
5129,3342,111.4
5130,3350,111.667
5134,3426,114.2
5137,3220,107.333
5138,3467,115.567
5139,3582,119.4
5140,3535,117.833
5141,3356,111.867
5142,2771,92.367
5147,3553,118.433
5148,2923,97.433
5149,2572,85.733
5150,3290,109.667
5152,2321,77.367
5154,2196,73.2
5155,2745,91.5
5156,3063,102.1
5157,2134,71.133
5158,2754,91.8
5159,3148,104.933
5161,3048,101.6
5162,3026,100.867
5164,3465,115.5
5165,2367,78.9
5167,2239,74.633
5170,2422,80.733
5171,3357,111.9
5173,2179,72.633
5174,2967,98.9
5177,2864,95.467
5182,3279,109.3
5183,3307,110.233
5188,2874,95.8
5190,3259,108.633
5191,3156,105.2
5194,2248,74.933
5196,3518,117.267
5200,3110,103.667
5203,2217,73.9
5206,2917,97.233
5207,2521,84.033
5208,2983,99.433
5209,3116,103.867
5210,3300,110.0
5211,2980,99.333
5212,2044,68.133
5213,3240,108.0
5215,3342,111.4
5216,3138,104.6
5218,2653,88.433
5219,3353,111.767
5221,3341,111.367
5223,2967,98.9
5224,2220,74.0
5225,2518,83.933
5227,3164,105.467
5228,2791,93.033
5229,2977,99.233
5231,2841,94.7
5232,3516,117.2
5233,2076,69.2
5234,2775,92.5
5235,3171,105.7
5237,2735,91.167
5238,2270,75.667
5239,2305,76.833
5240,2917,97.233
5241,3360,112.0
5242,2574,85.8
5243,2393,79.767
5245,3375,112.5
5246,3153,105.1
5247,2994,99.8
5248,2744,91.467
5250,2935,97.833
5251,3400,113.333
5252,3131,104.367
5253,2926,97.533
5255,2636,87.867
5256,2560,85.333
5257,3410,113.667
5260,3493,116.433
5261,3513,117.1
5262,3457,115.233
5265,3170,105.667
5266,3359,111.967
5272,3507,116.9
5273,2873,95.767
5274,3228,107.6
5275,2900,96.667
5276,2590,86.333
5277,3104,103.467
5278,2311,77.033
5280,3263,108.767
5281,3288,109.6
5282,3122,104.067
5283,2629,87.633
5284,2901,96.7
5285,3020,100.667
5286,3149,104.967
5287,3402,113.4
5288,2976,99.2
5289,2446,81.533
5291,3561,118.7
5293,2908,96.933
5294,2674,89.133
5295,2805,93.5
5296,2919,97.3
5299,3228,107.6
5300,3514,117.133
5301,2135,71.167
5302,2490,83.0
5303,3094,103.133
5304,3086,102.867
5305,2593,86.433
5306,2059,68.633
5307,2741,91.367
5308,3160,105.333
5309,3049,101.633
5310,3080,102.667
5311,2265,75.5
5313,2979,99.3
5314,2593,86.433
5315,3204,106.8
5316,2122,70.733
5317,2585,86.167
5318,2996,99.867
5319,3399,113.3
5320,2249,74.967
5321,3502,116.733
5323,3036,101.2
5324,3553,118.433
5325,3533,117.767
5327,2002,66.733
5328,2972,99.067
5329,2742,91.4
5330,1554,51.8
5331,2978,99.267
5332,3204,106.8
5333,1805,60.167
5334,2622,87.4
5335,1771,59.033
5336,1538,51.267
5337,1971,65.7
5338,1417,47.233
5339,1917,63.9
5341,2509,83.633
5342,2128,70.933
5343,2263,75.433
5344,2345,78.167
5345,2548,84.933
5346,2434,81.133
5347,1907,63.567
5348,1906,63.533
5349,3044,101.467
5350,1974,65.8
5351,3011,100.367
5352,2447,81.567
5353,2147,71.567
5354,3317,110.567
5355,2512,83.733
5356,2033,67.767
5357,3595,119.833
5358,2900,96.667
5359,2875,95.833
5360,3068,102.267
5361,3459,115.3
5362,2246,74.867
5363,2885,96.167
5364,2852,95.067
5365,3290,109.667
5366,2914,97.133
5367,3065,102.167
5368,2370,79.0
5369,2244,74.8
5370,3057,101.9
5371,2770,92.333
5372,3381,112.7
5373,3251,108.367
5374,2173,72.433
5375,3265,108.833
5376,1933,64.433
5377,2702,90.067
5378,3200,106.667
5379,2342,78.067
5380,1856,61.867
5381,2094,69.8
5382,2262,75.4
5383,2469,82.3
5386,2187,72.9
5387,3168,105.6
5388,2382,79.4
5389,2417,80.567
5390,3346,111.533
5391,3521,117.367
5392,3038,101.267
5393,2204,73.467
5394,2595,86.5
5396,3301,110.033
5397,2949,98.3
5398,3384,112.8
5399,3157,105.233
5400,3228,107.6
5401,1743,58.1
5402,2536,84.533
5403,3395,113.167
5404,3084,102.8
5405,2155,71.833
5406,1723,57.433
5407,2930,97.667
5408,3205,106.833
5409,2963,98.767
5410,2590,86.333
5411,3427,114.233
5413,2324,77.467
5415,3393,113.1
5416,3470,115.667
5417,3159,105.3
5418,3294,109.8
5419,3313,110.433
5420,2651,88.367
5421,2502,83.4
5422,2453,81.767
5423,3404,113.467
5425,2126,70.867
5426,2547,84.9
5427,2888,96.267
5428,3576,119.2
5429,2336,77.867
5430,2134,71.133
5431,3550,118.333
5432,2081,69.367
5433,2083,69.433
5434,2486,82.867
5435,2972,99.067
5436,2798,93.267
5437,2983,99.433
5438,1728,57.6
5439,1808,60.267
5440,2697,89.9
5441,2150,71.667
5442,3380,112.667
5443,3234,107.8
5445,3155,105.167
5446,2558,85.267
5447,3033,101.1
5448,1915,63.833
5449,2168,72.267
5450,2319,77.3
5451,2742,91.4
5452,2002,66.733
5453,2511,83.7
5454,3300,110.0
5455,3024,100.8
5456,2394,79.8
5457,2818,93.933
5458,3187,106.233
5459,2514,83.8
5460,3326,110.867
5461,2785,92.833
5462,2810,93.667
5463,2375,79.167
5465,2309,76.967
5466,2270,75.667
5467,2805,93.5
5468,2654,88.467
5469,2841,94.7
5470,3457,115.233
5471,2211,73.7
5472,3047,101.567
5473,3077,102.567
5474,3223,107.433
5475,3265,108.833
5476,2329,77.633
5477,3279,109.3
5478,3176,105.867
5480,2974,99.133
5481,2234,74.467
5482,3442,114.733
5483,3428,114.267
5484,2241,74.7
5485,2756,91.867
5486,2333,77.767
5487,2120,70.667
5488,2350,78.333
5489,2657,88.567
5490,2909,96.967
5491,3143,104.767
5492,2992,99.733
5493,3001,100.033
5494,2757,91.9
5496,2166,72.2
5497,2662,88.733
5498,3135,104.5
5500,3322,110.733
5501,3486,116.2
5502,3428,114.267
5503,2276,75.867
5504,2874,95.8
5505,3022,100.733
5506,2659,88.633
5507,2427,80.9
5508,3500,116.667
5509,3253,108.433
5510,3051,101.7
5511,2918,97.267
5513,3403,113.433
5514,3192,106.4
5515,2445,81.5
5516,2986,99.533
5517,3022,100.733
5518,3217,107.233
5519,3021,100.7
5520,3334,111.133
5521,3548,118.267
5522,2213,73.767
5524,3338,111.267
5525,2898,96.6
5526,2982,99.4
5527,2452,81.733
5528,2419,80.633
5529,2861,95.367
5530,3058,101.933
5531,2790,93.0
5533,2543,84.767
5534,2409,80.3
5535,3424,114.133
5536,2765,92.167
5537,2791,93.033
5538,2979,99.3
5542,2737,91.233
5543,2644,88.133
5546,3357,111.9
5548,3072,102.4
5549,2881,96.033
5550,2579,85.967
5551,3079,102.633
5553,2514,83.8
5557,3089,102.967
5558,2530,84.333
5560,3594,119.8
5561,2926,97.533
5562,2085,69.5
5563,2042,68.067
5564,3098,103.267
5565,2544,84.8
5566,3543,118.1
5567,2727,90.9
5568,3452,115.067
5570,2852,95.067
5571,2504,83.467
5572,3446,114.867
5573,2903,96.767
5575,3126,104.2
5578,2708,90.267
5579,3092,103.067
5580,2881,96.033
5581,3397,113.233
5582,3146,104.867
5583,2950,98.333
5589,2505,83.5
5590,3117,103.9
5591,2346,78.2
5592,3099,103.3
5593,2851,95.033
5594,3054,101.8
5595,2745,91.5
5598,3317,110.567
5600,2590,86.333
5601,2915,97.167
5602,3381,112.7
5603,3188,106.267
5604,2986,99.533
5605,3035,101.167
5606,2947,98.233
5607,3364,112.133
5608,3588,119.6
5610,3295,109.833
5611,3296,109.867
5612,3413,113.767
5613,3559,118.633
5614,3516,117.2
5615,2918,97.267
5616,2862,95.4
5618,3583,119.433
5619,1997,66.567
5621,3487,116.233
5622,3266,108.867
5623,2415,80.5
5624,2450,81.667
5625,2376,79.2
5626,3172,105.733
5627,2261,75.367
5628,2979,99.3
5629,2906,96.867
5630,3581,119.367
5631,2703,90.1
5632,2796,93.2
5633,2695,89.833
5634,2977,99.233
5635,2147,71.567
5636,2663,88.767
5637,3075,102.5
5638,3116,103.867
5641,3310,110.333
5642,2813,93.767
5644,2505,83.5
5646,3072,102.4
5647,2735,91.167
5648,2827,94.233
5649,3427,114.233
5650,3469,115.633
5651,2733,91.1
5652,2444,81.467
5653,2433,81.1
5654,3322,110.733
5655,3251,108.367
5657,2818,93.933
5662,3322,110.733
5664,3198,106.6
5666,3131,104.367
5670,3561,118.7
5676,3037,101.233
5681,3351,111.7
5687,3045,101.5
5689,3452,115.067
5690,3574,119.133
5691,3396,113.2
5692,3020,100.667
5693,2271,75.7
5695,3196,106.533
5696,3483,116.1
5700,2849,94.967
5701,3241,108.033
5704,2245,74.833
5705,2982,99.4
5707,3103,103.433
5708,3150,105.0
5709,3119,103.967
5712,3332,111.067
5713,3146,104.867
5715,3464,115.467
5716,3591,119.7
5719,2947,98.233
5722,3229,107.633
5723,3516,117.2
5724,2811,93.7
5727,2944,98.133
5728,3483,116.1
5730,3364,112.133
5731,2877,95.9
5732,3054,101.8
5733,3052,101.733
5735,3530,117.667
5737,3287,109.567
5741,3532,117.733
5742,3495,116.5
5744,3296,109.867
5755,3182,106.067
5756,2398,79.933
5758,3557,118.567
5759,3076,102.533
5760,3524,117.467
5761,3375,112.5
5762,3222,107.4
5763,2856,95.2
5764,3510,117.0
5767,3335,111.167
5768,2847,94.9
5771,3304,110.133
5772,3417,113.9
5773,3096,103.2
5774,3373,112.433
5775,2875,95.833
5777,2732,91.067
5778,3399,113.3
5779,3500,116.667
5780,3333,111.1
5785,3240,108.0
5786,2768,92.267
5787,3253,108.433
5788,2620,87.333
5789,3588,119.6
5790,2431,81.033
5792,3024,100.8
5793,2798,93.267
5794,3411,113.7
5796,3084,102.8
5798,3257,108.567
5799,3600,120.0
5802,3122,104.067
5803,3541,118.033
5805,3296,109.867
5807,3559,118.633
5814,3499,116.633
5815,3183,106.1
5817,3302,110.067
5820,3452,115.067
5822,3457,115.233
5830,3040,101.333
5831,3158,105.267
5834,3151,105.033
5835,3537,117.9
5842,3593,119.767
5846,3419,113.967
5848,3157,105.233
5849,3315,110.5
5850,3597,119.9
5852,3579,119.3
5856,3191,106.367
5857,3525,117.5
5866,3356,111.867
5867,3270,109.0
5870,3555,118.5
5873,3459,115.3
5877,3320,110.667
5881,3230,107.667
5882,3277,109.233
5887,2565,85.5
5888,3077,102.567
5890,3487,116.233
5891,3140,104.667
5894,3074,102.467
5896,3249,108.3
5899,3044,101.467
5900,2963,98.767
5902,2446,81.533
5904,2153,71.767
5905,2683,89.433
5907,2797,93.233
5908,2640,88.0
5909,2724,90.8
5910,3013,100.433
5911,2640,88.0
5912,2637,87.9
5913,3063,102.1
5914,2923,97.433
5915,3012,100.4
5916,2574,85.8
5917,3373,112.433
5919,3420,114.0
5920,2844,94.8
5921,3498,116.6
5922,2763,92.1
5924,3328,110.933
5926,2592,86.4
5927,2321,77.367
5935,3293,109.767
5936,2825,94.167
5937,3293,109.767
5941,3287,109.567
5942,3466,115.533
5949,3085,102.833
5951,3303,110.1
5954,3565,118.833
5955,3535,117.833
5959,3550,118.333
5963,3079,102.633
5965,2366,78.867
5966,3229,107.633
5968,3027,100.9
5970,3172,105.733
5972,3317,110.567
5973,2769,92.3
5974,3344,111.467
5979,3534,117.8
5981,3060,102.0
5982,3191,106.367
5983,3406,113.533
5986,2823,94.1
5987,2927,97.567
5988,3076,102.533
5991,3453,115.1
5992,3515,117.167
5994,3048,101.6
5995,3599,119.967
5998,3262,108.733
6000,3299,109.967
6001,2800,93.333
6003,3253,108.433
6004,3514,117.133
6005,3003,100.1
6006,3045,101.5
6007,2520,84.0
6008,2603,86.767
6009,3377,112.567
6010,2303,76.767
6012,2671,89.033
6013,3115,103.833
6014,2875,95.833
6015,3459,115.3
6017,3528,117.6
6018,3062,102.067
6020,3379,112.633
6021,3139,104.633
6023,3360,112.0
6024,3448,114.933
6025,3410,113.667
6026,2934,97.8
6027,3206,106.867
6028,3109,103.633
6034,1717,57.233
6035,1670,55.667
6036,1545,51.5
6037,1523,50.767
6038,1683,56.1
6039,1720,57.333
6040,1549,51.633
6041,1615,53.833
6042,1478,49.267
6043,1592,53.067
6044,1778,59.267
6046,1652,55.067
6047,1743,58.1
6048,1775,59.167
6049,1734,57.8
6050,1653,55.1
6051,1573,52.433
6052,1765,58.833
6053,1650,55.0
6054,1529,50.967
6055,1669,55.633
6056,1762,58.733
6057,1768,58.933
6058,1707,56.9
6059,1547,51.567
6060,1612,53.733
6061,1730,57.667
6062,1532,51.067
6063,1755,58.5
6064,1601,53.367
6065,1558,51.933
6066,1792,59.733
6067,1595,53.167
6068,1678,55.933
6069,1568,52.267
6070,1527,50.9
6071,1519,50.633
6072,1518,50.6
6073,1615,53.833
6074,1656,55.2
6075,1482,49.4
6076,1682,56.067
6077,1499,49.967
6078,1549,51.633
6079,1582,52.733
6080,1666,55.533
6081,1794,59.8
6082,1769,58.967
6083,1664,55.467
6084,1490,49.667
6085,1606,53.533
6086,1797,59.9
6087,1546,51.533
6088,1713,57.1
6089,1677,55.9
6090,1718,57.267
6091,1585,52.833
6092,1736,57.867
6093,1776,59.2
6094,1615,53.833
6095,1484,49.467
6096,1743,58.1
6097,1507,50.233
6098,1707,56.9
6099,1524,50.8
6100,1603,53.433
6101,1643,54.767
6102,1571,52.367
6104,1704,56.8
6105,1735,57.833
6106,1620,54.0
6107,1737,57.9
6108,1797,59.9
6109,1617,53.9
6110,1767,58.9
6131,1658,55.267
6146,1748,58.267
6147,1663,55.433
6148,1598,53.267
6149,1671,55.7
6150,1568,52.267
6162,1724,57.467
6163,1684,56.133
6164,1578,52.6
6165,1618,53.933
6166,1620,54.0
6167,1729,57.633
6168,1700,56.667
6169,1615,53.833
6170,1625,54.167
6172,1580,52.667
6173,1613,53.767
6174,1568,52.267
6175,1567,52.233
6176,1627,54.233
6177,1763,58.767
6178,1757,58.567
6179,1610,53.667
6180,1625,54.167
6181,1514,50.467
6182,1676,55.867
6183,1592,53.067
6184,1534,51.133
6185,1503,50.1
6186,1535,51.167
6187,1537,51.233
6188,1788,59.6
6189,1784,59.467
6190,1492,49.733
6191,1543,51.433
6192,1582,52.733
6193,1707,56.9
6194,1543,51.433
6195,1657,55.233
6196,1656,55.2
6197,1521,50.7
6198,1676,55.867
6200,1800,60.0
6203,1765,58.833
6204,1719,57.3
6205,1721,57.367
6206,1720,57.333
6207,1791,59.7
6211,1768,58.933
6214,1668,55.6
6215,1533,51.1
6216,1593,53.1
6217,1652,55.067
6218,1754,58.467
6219,1721,57.367
6220,1683,56.1
6221,1512,50.4
6222,1635,54.5
6223,1656,55.2
6224,1567,52.233
6225,1740,58.0
6226,1558,51.933
6227,1642,54.733
6228,1753,58.433
6229,1695,56.5
6230,1791,59.7
6231,1737,57.9
6232,1743,58.1
6233,1765,58.833
6234,1658,55.267
6235,1589,52.967
6236,1647,54.9
6237,1752,58.4
6238,1687,56.233
6239,1651,55.033
6240,1519,50.633
6241,1742,58.067
6242,1690,56.333
6243,1740,58.0
6244,1585,52.833
6245,1630,54.333
6246,1744,58.133
6247,1578,52.6
6248,1711,57.033
6249,1781,59.367
6250,1529,50.967
6251,1797,59.9
6253,1672,55.733
6255,1549,51.633
6256,1659,55.3
6257,1625,54.167
6259,1701,56.7
6260,1719,57.3
6261,1545,51.5
6262,1539,51.3
6263,1628,54.267
6264,1715,57.167
6265,1711,57.033
6268,1540,51.333
6270,1796,59.867
6271,1676,55.867
6272,1712,57.067
6273,1574,52.467
6274,1675,55.833
6275,1708,56.933
6276,1749,58.3
6277,1736,57.867
6278,1574,52.467
6279,1725,57.5
6280,1792,59.733
6281,1517,50.567
6282,1699,56.633
6283,1714,57.133
6284,1553,51.767
6285,1788,59.6
6286,1674,55.8
6287,1735,57.833
6288,1681,56.033
6289,1629,54.3
6290,1778,59.267
6291,1745,58.167
6292,1600,53.333
6293,1687,56.233
6294,1614,53.8
6295,1782,59.4
6296,1774,59.133
6297,1603,53.433
6298,1660,55.333
6299,1734,57.8
6300,1776,59.2
6301,1736,57.867
6302,1614,53.8
6303,1744,58.133
6304,1732,57.733
6305,1663,55.433
6306,1778,59.267
6307,1651,55.033
6308,1694,56.467
6309,1624,54.133
6310,1664,55.467
6311,1582,52.733
6312,1572,52.4
6313,1799,59.967
6314,1630,54.333
6315,1785,59.5
6316,1721,57.367
6317,1617,53.9
6318,1634,54.467
6319,1557,51.9
6320,1798,59.933
6321,1658,55.267
6322,1508,50.267
6323,1780,59.333
6324,1549,51.633
6325,1605,53.5
6327,1757,58.567
6328,1739,57.967
6329,1564,52.133
6330,1611,53.7
6331,1620,54.0
6332,1519,50.633
6333,1655,55.167
6334,1586,52.867
6335,1772,59.067
6336,1556,51.867
6337,1553,51.767
6338,1723,57.433
6340,1769,58.967
6341,1622,54.067
6342,1781,59.367
6343,1644,54.8
6344,1738,57.933
6345,1579,52.633
6346,1800,60.0
6347,1695,56.5
6348,1554,51.8
6349,1646,54.867
6350,1591,53.033
6351,1649,54.967
6352,1690,56.333
6353,1631,54.367
6354,1707,56.9
6355,1694,56.467
6356,1692,56.4
6357,1733,57.767
6358,1531,51.033
6359,1781,59.367
6360,1585,52.833
6361,1681,56.033
6362,1607,53.567
6363,1501,50.033
6364,1756,58.533
6365,1770,59.0
6366,1760,58.667
6367,1775,59.167
6368,1706,56.867
6369,1780,59.333
6370,1718,57.267
6373,1650,55.0
6375,1681,56.033
6376,1702,56.733
6378,1545,51.5
6380,1656,55.2
6381,1661,55.367
6382,1746,58.2
6383,1604,53.467
6384,1690,56.333
6385,1565,52.167
6398,1675,55.833
6404,1646,54.867
6406,1732,57.733
6407,1684,56.133
6409,1619,53.967
6410,1505,50.167
6416,1634,54.467
6417,1777,59.233
6418,1564,52.133
6419,1719,57.3
6420,1716,57.2
6421,1688,56.267
6422,1512,50.4
6423,1753,58.433
6424,1528,50.933
6425,1713,57.1
6426,1618,53.933
6427,1765,58.833
6428,1611,53.7
6429,1591,53.033
6430,1597,53.233
6431,1783,59.433
6432,1556,51.867
6433,1735,57.833
6434,1635,54.5
6435,1588,52.933
6436,1611,53.7
6437,1621,54.033
6438,1689,56.3
6439,1539,51.3
6440,1674,55.8
6441,1779,59.3
6442,1745,58.167
6443,1667,55.567
6444,1800,60.0
6445,1622,54.067
6446,1606,53.533
6447,1604,53.467
6448,1605,53.5
6449,1750,58.333
6450,1494,49.8
6451,1779,59.3
6452,1671,55.7
6453,1503,50.1
6454,1686,56.2
6455,1740,58.0
6456,1537,51.233
6457,1757,58.567
6458,1559,51.967
6459,1660,55.333
6460,1733,57.767
6461,1685,56.167
6462,1666,55.533
6463,1756,58.533
6464,1740,58.0
6465,1705,56.833
6466,1495,49.833
6467,1733,57.767
6468,1682,56.067
6469,1495,49.833
6470,1713,57.1
6471,1656,55.2
6472,1776,59.2
6473,1551,51.7
6474,1595,53.167
6475,1566,52.2
6476,1501,50.033
6477,1597,53.233
6478,1611,53.7
6479,1706,56.867
6480,1634,54.467
6481,1617,53.9
6482,1718,57.267
6483,1607,53.567
6484,1719,57.3
6485,1530,51.0
6486,1657,55.233
6487,1702,56.733
6488,1714,57.133
6489,1526,50.867
6490,1674,55.8
6491,1662,55.4
6492,1720,57.333
6493,1665,55.5
6494,1682,56.067
6495,1586,52.867
6496,1489,49.633
6497,1672,55.733
6498,1624,54.133
6499,1560,52.0
6500,1722,57.4
6501,1677,55.9
6502,1772,59.067
6503,1774,59.133
6504,1665,55.5
6505,1738,57.933
6506,1553,51.767
6507,1674,55.8
6508,1492,49.733
6509,1511,50.367
6510,1650,55.0
6511,1581,52.7
6512,1788,59.6
6513,1620,54.0
6514,1610,53.667
6515,1545,51.5
6516,1711,57.033
6517,1780,59.333
6518,1652,55.067
6519,1739,57.967
6520,1784,59.467
6521,1667,55.567
6522,1722,57.4
6523,1792,59.733
6524,1598,53.267
6525,1705,56.833
6526,1684,56.133
6527,1656,55.2
6528,1755,58.5
6529,1527,50.9
6530,1784,59.467
6531,1513,50.433
6532,1766,58.867
6533,1572,52.4
6534,1793,59.767
6535,1565,52.167
6536,1718,57.267
6537,1747,58.233
6538,1526,50.867
6539,1784,59.467
6540,1624,54.133
6541,1721,57.367
6542,1613,53.767
6543,1527,50.9
6544,1612,53.733
6545,1528,50.933
6546,1607,53.567
6547,1567,52.233
6548,1746,58.2
6549,1713,57.1
6550,1644,54.8
6551,1601,53.367
6552,1596,53.2
6553,1749,58.3
6554,1703,56.767
6555,1635,54.5
6556,1498,49.933
6557,1759,58.633
6558,1486,49.533
6559,1735,57.833
6560,1523,50.767
6561,1488,49.6
6562,1792,59.733
6563,1629,54.3
6564,1647,54.9
6565,1725,57.5
6566,1491,49.7
6567,1523,50.767
6568,1707,56.9
6569,1588,52.933
6570,1501,50.033
6581,1603,53.433
6582,1737,57.9
6583,1800,60.0
6586,1496,49.867
6587,1652,55.067
6588,1487,49.567
6604,1614,53.8
6605,1652,55.067
6625,1798,59.933
6626,1704,56.8
6627,1680,56.0
6628,1793,59.767
6629,1791,59.7
6630,1787,59.567
6631,1728,57.6
6632,1752,58.4
6633,1777,59.233
6634,1751,58.367
6635,1724,57.467
6636,1495,49.833
6637,1650,55.0
6638,1769,58.967
6639,1667,55.567
6640,1571,52.367
6641,1668,55.6
6642,1584,52.8
6643,1770,59.0
6644,1708,56.933
6645,1764,58.8
6646,1551,51.7
6647,1676,55.867
6648,1795,59.833
6649,1732,57.733
6650,1615,53.833
6651,1685,56.167
6652,1505,50.167
6653,1520,50.667
6654,1543,51.433
6655,1728,57.6
6656,1729,57.633
6659,1696,56.533
6663,1759,58.633
6666,1640,54.667
6667,1656,55.2
6669,1638,54.6
6670,1786,59.533
6671,1622,54.067
6672,1659,55.3
6673,1556,51.867
6674,1543,51.433
6675,1710,57.0
6676,1532,51.067
6678,1571,52.367
6679,1535,51.167
6680,1497,49.9
6681,1557,51.9
6682,1590,53.0
6683,1716,57.2
6684,1753,58.433
6685,1527,50.9
6686,1642,54.733
6687,1559,51.967
6689,1732,57.733
6691,1742,58.067
6692,1605,53.5
6693,1589,52.967
6695,1563,52.1
6696,1754,58.467
6709,1591,53.033
6710,1742,58.067
6711,1727,57.567
6718,1676,55.867
6739,1791,59.7
6753,1771,59.033
6754,1554,51.8
6778,1509,50.3
6779,1710,57.0
6780,1608,53.6
6781,1585,52.833
6782,1283,42.767
6783,1753,58.433
6784,1600,53.333
6785,1793,59.767
6786,1608,53.6
6787,1350,45.0
6788,1494,49.8
6789,1344,44.8
6790,1395,46.5
6791,1660,55.333
6792,1603,53.433
6793,1228,40.933
6794,1530,51.0
6795,1146,38.2
6796,1318,43.933
6797,1650,55.0
6798,1082,36.067
6799,1343,44.767
6800,1567,52.233
6801,1620,54.0
6802,1290,43.0
6803,1192,39.733
6804,1684,56.133
6805,1588,52.933
6806,1535,51.167
6807,835,27.833
6808,1503,50.1
6809,1607,53.567
6810,1554,51.8
6811,1560,52.0
6812,1514,50.467
6813,1342,44.733
6814,1546,51.533
6815,1751,58.367
6816,1594,53.133
6817,1388,46.267
6818,1687,56.233
6819,1661,55.367
6820,1781,59.367
6821,966,32.2
6822,1197,39.9
6823,1652,55.067
6824,1704,56.8
6825,1377,45.9
6826,1687,56.233
6827,1793,59.767
6828,1566,52.2
6829,1560,52.0
6830,1456,48.533
6831,1501,50.033
6832,1630,54.333
6833,1455,48.5
6834,1752,58.4
6835,1418,47.267
6836,1475,49.167
6837,1605,53.5
6838,1531,51.033
6839,1530,51.0
6840,1352,45.067
6841,1448,48.267
6842,1716,57.2
6843,1450,48.333
6844,1757,58.567
6845,1747,58.233
6846,1045,34.833
6847,1753,58.433
6848,1386,46.2
6849,1722,57.4
6850,1422,47.4
6851,1258,41.933
6852,1545,51.5
6853,1700,56.667
6854,1723,57.433
6855,1594,53.133
6856,1640,54.667
6857,1406,46.867
6858,1643,54.767
6859,1621,54.033
6860,1674,55.8
6862,1458,48.6
6863,1556,51.867
6864,1674,55.8
6865,1671,55.7
6866,1642,54.733
6867,1566,52.2
6868,1396,46.533
6869,1139,37.967
6870,1556,51.867
6871,1415,47.167
6873,1610,53.667
6874,1025,34.167
6875,1452,48.4
6876,1470,49.0
6877,1459,48.633
6878,1546,51.533
6879,1303,43.433
6880,1551,51.7
6881,1178,39.267
6882,1643,54.767
6883,1246,41.533
6884,1706,56.867
6885,1655,55.167
6886,1446,48.2
6887,1738,57.933
6888,1532,51.067
6889,1714,57.133
6890,1639,54.633
6891,1706,56.867
6892,1248,41.6
6893,1800,60.0
6894,1413,47.1
6895,1434,47.8
6896,1764,58.8
6897,1647,54.9
6898,1753,58.433
6899,1455,48.5
6900,1718,57.267
6901,1666,55.533
6902,1564,52.133
6903,1460,48.667
6904,1320,44.0
6905,1424,47.467
6906,1608,53.6
6907,1524,50.8
6908,1769,58.967
6909,1279,42.633
6910,1360,45.333
6911,1463,48.767
6912,1507,50.233
6913,1713,57.1
6914,1278,42.6
6915,1769,58.967
6916,1687,56.233
6917,1374,45.8
6918,1463,48.767
6919,1491,49.7
6920,1211,40.367
6921,1404,46.8
6922,1706,56.867
6923,1563,52.1
6924,1575,52.5
6925,1745,58.167
6926,1711,57.033
6927,1256,41.867
6928,1222,40.733
6929,1249,41.633
6930,1261,42.033
6931,1522,50.733
6932,1791,59.7
6933,1334,44.467
6934,1767,58.9
6935,1705,56.833
6936,1459,48.633
6937,1265,42.167
6939,1683,56.1
6940,1662,55.4
6941,1399,46.633
6942,1540,51.333
6943,1628,54.267
6944,1382,46.067
6945,1736,57.867
6947,1661,55.367
6948,1409,46.967
6949,1336,44.533
6950,1553,51.767
6951,1593,53.1
6952,1195,39.833
6953,1132,37.733
6955,1612,53.733
6956,1589,52.967
6957,1686,56.2
6958,1773,59.1
6959,1391,46.367
6960,1768,58.933
6962,1755,58.5
6963,1350,45.0
6964,1604,53.467
6965,1597,53.233
6966,1786,59.533
6967,1598,53.267
6968,1515,50.5
6969,1779,59.3
6970,1568,52.267
6972,1222,40.733
6973,1727,57.567
6975,1745,58.167
6976,1559,51.967
6977,1640,54.667
6978,1314,43.8
6979,1460,48.667
6980,1668,55.6
6981,1778,59.267
6982,1624,54.133
6983,1679,55.967
6984,1426,47.533
6985,1772,59.067
6986,1710,57.0
6987,998,33.267
6988,1151,38.367
6989,1581,52.7
6990,1508,50.267
6991,1243,41.433
6992,1153,38.433
6993,1664,55.467
6994,1791,59.7
6995,1041,34.7
6996,1673,55.767
6997,1567,52.233
6998,1661,55.367
6999,1682,56.067
7000,1738,57.933
7001,1490,49.667
7002,1075,35.833
7003,1486,49.533
7004,1720,57.333
7005,1738,57.933
7006,1492,49.733
7008,1405,46.833
7009,1191,39.7
7010,1540,51.333
7011,1073,35.767
7012,1427,47.567
7013,1461,48.7
7014,1550,51.667
7015,1578,52.6
7016,1776,59.2
7017,1467,48.9
7018,1380,46.0
7019,1793,59.767
7020,1180,39.333
7021,1353,45.1
7022,1416,47.2
7023,1191,39.7
7024,1726,57.533
7026,1472,49.067
7027,1590,53.0
7028,1620,54.0
7029,1559,51.967
7030,1461,48.7
7031,1325,44.167
7032,1571,52.367
7033,1503,50.1
7034,1258,41.933
7035,1619,53.967
7036,1422,47.4
7037,1771,59.033
7038,1425,47.5
7039,1682,56.067
7040,1429,47.633
7041,1720,57.333
7042,1291,43.033
7043,1630,54.333
7044,1299,43.3
7045,1765,58.833
7046,1584,52.8
7047,1420,47.333
7048,1613,53.767
7049,1729,57.633
7050,1513,50.433
7051,1353,45.1
7052,1490,49.667
7053,1412,47.067
7054,1667,55.567
7055,1514,50.467
7056,1628,54.267
7057,1410,47.0
7058,1634,54.467
7059,1567,52.233
7060,1707,56.9
7061,1476,49.2
7063,1774,59.133
7064,1658,55.267
7065,1750,58.333
7066,1420,47.333
7067,1054,35.133
7068,1356,45.2
7069,1547,51.567
7070,1299,43.3
7072,1304,43.467
7073,1232,41.067
7075,1652,55.067
7076,1702,56.733
7077,1480,49.333
7078,1514,50.467
7079,1475,49.167
7080,1570,52.333
7081,1215,40.5
7082,1189,39.633
7083,1283,42.767
7084,1359,45.3
7085,1310,43.667
7086,1651,55.033
7087,1636,54.533
7088,1270,42.333
7089,1108,36.933
7090,1285,42.833
7091,1518,50.6
7092,1456,48.533
7093,1776,59.2
7094,1525,50.833
7095,1375,45.833
7096,1682,56.067
7097,1558,51.933
7098,1281,42.7
7099,1718,57.267
7100,1347,44.9
7101,1314,43.8
7102,1234,41.133
7103,1494,49.8
7104,1611,53.7
7105,1358,45.267
7106,1701,56.7
7107,1635,54.5
7108,1624,54.133
7109,1717,57.233
7110,1428,47.6
7111,1613,53.767
7112,1271,42.367
7113,1718,57.267
7114,1760,58.667
7115,1671,55.7
7116,1451,48.367
7117,944,31.467
7118,1338,44.6
7119,1653,55.1
7120,1371,45.7
7121,1755,58.5
7122,1612,53.733
7123,1771,59.033
7124,1473,49.1
7125,1721,57.367
7126,1733,57.767
7127,1525,50.833
7128,1696,56.533
7129,1706,56.867
7130,1300,43.333
7131,1417,47.233
7132,1139,37.967
7133,1205,40.167
7134,1792,59.733
7135,1754,58.467
7136,1526,50.867
7137,1560,52.0
7139,1439,47.967
7140,1715,57.167
7141,1495,49.833
7142,1538,51.267
7143,1341,44.7
7144,991,33.033
7145,1533,51.1
7146,1718,57.267
7148,1605,53.5
7149,1727,57.567
7150,1665,55.5
7151,1230,41.0
7152,1788,59.6
7153,1419,47.3
7154,1313,43.767
7155,1151,38.367
7156,1775,59.167
7157,1480,49.333
7158,1784,59.467
7159,1730,57.667
7160,1671,55.7
7161,1657,55.233
7162,1682,56.067
7163,1749,58.3
7164,1794,59.8
7165,967,32.233
7166,1007,33.567
7167,1448,48.267
7168,1428,47.6
7169,1784,59.467
7170,1430,47.667
7171,1373,45.767
7172,1779,59.3
7173,1562,52.067
7174,1261,42.033
7176,1529,50.967
7177,1657,55.233
7178,1447,48.233
7179,1614,53.8
7180,1614,53.8
7181,1271,42.367
7182,1705,56.833
7183,1685,56.167
7184,1293,43.1
7185,1250,41.667
7187,1482,49.4
7188,1403,46.767
7189,1483,49.433
7190,1459,48.633
7191,1426,47.533
7193,1575,52.5
7194,1564,52.133
7195,1484,49.467
7197,1654,55.133
7198,1643,54.767
7199,1721,57.367
7200,1433,47.767
7201,1612,53.733
7202,1598,53.267
7203,1542,51.4
7204,1266,42.2
7205,1566,52.2
7206,1760,58.667
7207,1784,59.467
7208,1145,38.167
7209,1521,50.7
7210,1711,57.033
7211,1581,52.7
7212,1586,52.867
7213,1163,38.767
7214,1730,57.667
7215,1122,37.4
7216,1372,45.733
7217,1768,58.933
7218,1650,55.0
7219,1687,56.233
7220,1694,56.467
7221,1410,47.0
7222,1710,57.0
7223,1600,53.333
7224,1551,51.7
7225,1006,33.533
